title,artists,rank,year
TiK ToK,Ke$ha,1,2010
Need You Now,Lady Antebellum,2,2010
"Hey, Soul Sister",Train,3,2010
California Gurls,Katy Perry Featuring Snoop Dogg,4,2010
OMG,Usher Featuring will.i.am,5,2010
Airplanes,B.o.B Featuring Hayley Williams,6,2010
Love The Way You Lie,Eminem Featuring Rihanna,7,2010
Bad Romance,Lady Gaga,8,2010
Dynamite,Taio Cruz,9,2010
Break Your Heart,Taio Cruz Featuring Ludacris,10,2010
Nothin' On You,B.o.B Featuring Bruno Mars,11,2010
I Like It,Enrique Iglesias Featuring Pitbull,12,2010
BedRock,Young Money Featuring Lloyd,13,2010
In My Head,Jason Derulo,14,2010
Rude Boy,Rihanna,15,2010
Telephone,Lady Gaga Featuring Beyonce,16,2010
Teenage Dream,Katy Perry,17,2010
Just The Way You Are,Bruno Mars,18,2010
Cooler Than Me,Mike Posner,19,2010
Imma Be,The Black Eyed Peas,20,2010
Empire State Of Mind,Jay-Z + Alicia Keys,21,2010
DJ Got Us Fallin' In Love,Usher Featuring Pitbull,22,2010
Billionaire,Travie McCoy Featuring Bruno Mars,23,2010
Not Afraid,Eminem,24,2010
Replay,Iyaz ,25,2010
Sexy Chick,David Guetta Featuring Akon,26,2010
Breakeven,The Script,27,2010
Your Love Is My Drug,Ke$ha,28,2010
I Gotta Feeling,The Black Eyed Peas,29,2010
Fireflies,Owl City,30,2010
Say Aah,Trey Songz Featuring Fabolous,31,2010
Find Your Love,Drake,32,2010
 Alejandro,Lady Gaga,33,2010
Ridin' Solo,Jason Derulo,34,2010
Just A Dream,Nelly,35,2010
How Low,Ludacris,36,2010
Like A G6,Far*East Movement Featuring Cataracs & Dev,37,2010
Carry Out,Timbaland Featuring Justin Timberlake,38,2010
Haven't Met You Yet,Michael Buble,39,2010
Club Can't Handle Me,Flo Rida Featuring David Guetta,40,2010
Down, Jay Sean Featuring Lil Wayne,41,2010
Bulletproof,La Roux,42,2010
Whatcha Say,Jason Derulo,43,2010
Baby,Justin Bieber Featuring Ludacris,44,2010
Whataya Want From Me,Adam Lambert,45,2010
Mine,Taylor Swift,46,2010
Only Girl (In The World),Rihanna,47,2010
Live Like We're Dying,Kris Allen,48,2010
Hard,Rihanna Featuring Jeezy,49,2010
Young Forever,Jay-Z + Mr. Hudson,50,2010
Blah Blah Blah,Ke$ha Featuring 3OH!3,51,2010
Bottoms Up,Trey Songz Featuring Nicki Minaj,52,2010
Do You Remember,Jay Sean Featuring Sean Paul & Lil Jon,53,2010
All The Right Moves,OneRepublic,54,2010
According To You,Orianthi,55,2010
My Chick Bad,Ludacris Featuring Nicki Minaj,56,2010
You Belong With Me,Taylor Swift,57,2010
Meet Me Halfway,The Black Eyed Peas,58,2010
Take It Off,Ke$ha,59,2010
Over,Drake,60,2010
Animal,Neon Trees,61,2010
Misery,Maroon 5,62,2010
Magic,B.o.B Featuring Rivers Cuomo,63,2010
Paparazzi,Lady Gaga,64,2010
Tie Me Down,New Boyz Featuring Ray J,65,2010
Your Love,Nicki Minaj,66,2010
Party In The U.S.A.,Miley Cyrus,67,2010
Deuces,Chris Brown Featuring Tyga & Kevin McCall,68,2010
3,Britney Spears,69,2010
Impossible,Shontelle,70,2010
Forever,"Drake Featuring Kanye West, Lil Wayne & Eminem",71,2010
Two Is Better Than One,Boys Like Girls Featuring Taylor Swift,72,2010
My First Kiss,3OH!3 Featuring Ke$ha,73,2010
Already Gone,Kelly Clarkson,74,2010
Rock That Body,The Black Eyed Peas,75,2010
Secrets,OneRepublic,76,2010
Naturally,Selena Gomez & The Scene,77,2010
Un-Thinkable (I'm Ready),Alicia Keys,78,2010
All I Do Is Win,"DJ Khaled Featuring T-Pain, Ludacris, Snoop Dogg & Rick Ross",79,2010
I Made It (Cash Money Heroes),"Kevin Rudolf Featuring Birdman, Jay Sean, & Lil Wayne",80,2010
Stuck Like Glue,Sugarland,81,2010
Hey Daddy (Daddy's Home),Usher Featuring Plies,82,2010
There Goes My Baby,Usher,83,2010
Today Was A Fairytale,Taylor Swift,84,2010
Say Something,Timbaland Featuring Drake,85,2010
Sweet Dreams ,Beyonce,86,2010
Use Somebody,Kings Of Leon,87,2010
Undo It,Carrie Underwood,88,2010
Eenie Meenie,Sean Kingston & Justin Bieber,89,2010
Right Above It,Lil Wayne Featuring Drake,90,2010
The House That Built Me,Miranda Lambert,91,2010
If I Die Young,The Band Perry,92,2010
The Only Exception,Paramore,93,2010
American Honey,Lady Antebellum,94,2010
King Of Anything,Sara Bareilles,95,2010
Life After You,Daughtry,96,2010
Smile,Uncle Kracker,97,2010
Teach Me How To Dougie,Cali Swag District,98,2010
Try Sleeping With A Broken Heart,Alicia Keys,99,2010
"Lover, Lover",Jerrod Niemann,100,2010
Rolling In The Deep,Adele,1,2011
Party Rock Anthem,LMFAO Featuring Lauren Bennett & GoonRock,2,2011
Firework, Katy Perry,3,2011
E.T.,Katy Perry Featuring Kanye West,4,2011
Give Me Everything,"Pitbull Featuring Ne-Yo, Afrojack & Nayer",5,2011
Grenade,Bruno Mars,6,2011
Super Bass,Nicki Minaj,8,2011
Moves Like Jagger,Maroon 5 Featuring Christina Aguilera,9,2011
Just Can't Get Enough,The Black Eyed Peas,10,2011
On The Floor,Jennifer Lopez Featuring Pitbull,11,2011
S&M,Rihanna,12,2011
Pumped Up Kicks,Foster The People,13,2011
Last Friday Night (T.G.I.F.),Katy Perry,14,2011
Just The Way You Are,Bruno Mars,15,2011
Tonight (I'm Lovin' You),Enrique Iglesias Featuring Ludacris & DJ Frank E,16,2011
Raise Your Glass,P!nk,17,2011
Born This Way,Lady Gaga,18,2011
F**kin' Perfect,P!nk,19,2011
What's My Name?,Rihanna Featuring Drake,20,2011
Look At Me Now,Chris Brown Featuring Lil Wayne & Busta Rhymes,21,2011
Down On Me,Jeremih Featuring 50 Cent,22,2011
How To Love,Lil Wayne,23,2011
Someone Like You,Adele,24,2011
Good Life,OneRepublic,25,2011
The Lazy Song,Bruno Mars,26,2011
Till The World Ends,Britney Spears,27,2011
The Show Goes On,Lupe Fiasco,28,2011
The Edge Of Glory,Lady Gaga,29,2011
We R Who We R,Ke$ha,30,2011
Black And Yellow,Wiz Khalifa,31,2011
Tonight Tonight,Hot Chelle Rae,32,2011
Blow,Ke$ha,33,2011
Lighters,Bad Meets Evil Featuring Bruno Mars,34,2011
If I Die Young,The Band Perry,35,2011
Stereo Hearts,Gym Class Heroes Featuring Adam Levine,36,2011
The Time (Dirty Bit),The Black Eyed Peas,37,2011
Coming Home,Diddy - Dirty Money Featuring Skylar Grey,38,2011
Hey Baby (Drop It To The Floor),Pitbull Featuring T-Pain,39,2011
Only Girl (In The World),Rihanna,40,2011
6 Foot 7 Foot,Lil Wayne Featuring Cory Gunz,41,2011
Just A Kiss,Lady Antebellum,42,2011
Dirt Road Anthem,Jason Aldean,43,2011
Dynamite,Taio Cruz,44,2011
No Hands,Waka Flocka Flame Featuring Roscoe Dash & Wale,45,2011
I Wanna Go,Britney Spears,46,2011
I'm On One,"DJ Khaled Featuring Drake, Rick Ross & Lil Wayne",47,2011
You Make Me Feel...,Cobra Starship Featuring Sabi,48,2011
Yeah 3X,Chris Brown,49,2011
Moment 4 Life,Nicki Minaj Featuring Drake,50,2011
I Need A Doctor,Dr. Dre Featuring Eminem & Skylar Grey,51,2011
Just A Dream ,Nelly,52,2011
Motivation,Kelly Rowland Featuring Lil Wayne,53,2011
Stereo Love,Edward Maya & Vika Jigulina,54,2011
Jar Of Hearts,Christina Perri,55,2011
Roll Up,Wiz Khalifa,56,2011
Sexy And I Know It,LMFAO,57,2011
Rocketeer,Far*East Movement Featuring Ryan Tedder,58,2011
All Of The Lights,Kanye West,59,2011
Hold It Against Me,Britney Spears,60,2011
More,Usher,61,2011
What The Hell,Avril Lavigne,62,2011
Written In The Stars,Tinie Tempah Featuring Eric Turner,63,2011
Bottoms Up,Trey Songz Featuring Nicki Minaj,64,2011
DJ Got Us Fallin' In Love,Usher Featuring Pitbull,65,2011
For The First Time,The Script,66,2011
Honey Bee,Blake Shelton,67,2011
Don't You Wanna Stay,Jason Aldean With Kelly Clarkson,68,2011
We Found Love,Rihanna Featuring Calvin Harris,69,2011
Pretty Girl Rock,Keri Hilson,70,2011
You And I,Lady Gaga,71,2011
Like A G6,Far*East Movement Featuring Cataracs & Dev,72,2011
Without You,David Guetta Featuring Usher,73,2011
Back To December,Taylor Swift,74,2011
Teenage Dream,Katy Perry,75,2011
Crazy Girl,Eli Young Band,76,2011
Cheers (Drink To That),Rihanna,77,2011
Who Says,Selena Gomez & The Scene,78,2011
Barefoot Blue Jean Night,Jake Owen,79,2011
Knee Deep,Zac Brown Band Featuring Jimmy Buffett,80,2011
Country Girl (Shake It For Me),Luke Bryan,81,2011
Remind Me,Brad Paisley Duet With Carrie Underwood,82,2011
In The Dark,Dev,83,2011
Backseat,New Boyz Featuring The Cataracs & Dev,84,2011
Headlines,Drake,85,2011
Best Thing I Never Had,Beyonce,86,2011
Don't Wanna Go Home,Jason Derulo,87,2011
Where Them Girls At,David Guetta Featuring Flo Rida & Nicki Minaj,88,2011
She Ain't You,Chris Brown,89,2011
Take A Back Road,Rodney Atkins,90,2011
Please Don't Go,Mike Posner,91,2011
Sure Thing,Miguel,92,2011
Price Tag,Jessie J Featuring B.o.B,93,2011
God Gave Me You,Blake Shelton,94,2011
She Will ,Lil Wayne Featuring Drake,95,2011
Are You Gonna Kiss Me Or Not,Thompson Square,96,2011
Animal,Neon Trees,97,2011
You And Tequila,Kenny Chesney Featuring Grace Potter,98,2011
Colder Weather,Zac Brown Band,99,2011
My Last,Big Sean Featuring Chris Brown,100,2011
Somebody That I Used To Know,Gotye Featuring Kimbra,1,2012
Call Me Maybe,Carly Rae Jepsen,2,2012
We Are Young,fun. Featuring Janelle Monae,3,2012
Payphone,Maroon 5 Featuring Wiz Khalifa,4,2012
Lights,Ellie Goulding,5,2012
Glad You Came,The Wanted,6,2012
Stronger (What Doesn't Kill You),Kelly Clarkson,7,2012
We Found Love,Rihanna Featuring Calvin Harris,8,2012
Starships,Nicki Minaj,9,2012
What Makes You Beautiful,One Direction,10,2012
Wild Ones,Flo Rida Featuring Sia,11,2012
Set Fire To The Rain,Adele,12,2012
Sexy And I Know It,LMFAO,13,2012
Some Nights,fun.,14,2012
Wide Awake,Katy Perry,15,2012
Good Feeling,Flo Rida,16,2012
Whistle,Flo Rida,17,2012
One More Night,Maroon 5,18,2012
Drive By,Train,19,2012
The Motto,Drake Featuring Lil Wayne,20,2012
Where Have You Been,Rihanna,21,2012
Everybody Talks,Neon Trees,22,2012
Take Care,Drake Featuring Rihanna,23,2012
Titanium,David Guetta Featuring Sia,24,2012
I Won't Give Up,Jason Mraz,25,2012
It Will Rain,Bruno Mars,26,2012
Mercy,"Kanye West, Big Sean, Pusha T, 2 Chainz",27,2012
Boyfriend,Justin Bieber,28,2012
Party Rock Anthem,LMFAO Featuring Lauren Bennett & GoonRock,29,2012
Too Close,Alex Clare,30,2012
Part Of Me,Katy Perry,31,2012
" Young, Wild & Free",Snoop Dogg & Wiz Khalifa Featuring Bruno Mars,32,2012
We Are Never Ever Getting Back Together,Taylor Swift,33,2012
As Long As You Love Me,Justin Bieber Featuring Big Sean,34,2012
Turn Me On,David Guetta Featuring Nicki Minaj,35,2012
Moves Like Jagger,Maroon 5 Featuring Christina Aguilera,36,2012
Blow Me (One Last Kiss),P!nk,37,2012
Good Time,Owl City & Carly Rae Jepsen,38,2012
Give Your Heart A Break,Demi Lovato,39,2012
Ni**as in Paris,Jay Z Kanye West,40,2012
The One That Got Away,Katy Perry,41,2012
Feel So Close,Calvin Harris,42,2012
Someone Like You,Adele,43,2012
Scream,Usher,44,2012
Rack City,Tyga,45,2012
Domino,Jessie J,46,2012
Gangnam Style,PSY,47,2012
International Love,Pitbull Featuring Chris Brown,48,2012
Home,Phillip Phillips,49,2012
Without You,David Guetta Featuring Usher,50,2012
Ass Back Home,Gym Class Heroes Featuring Neon Hitch,51,2012
Wanted,Hunter Hayes,52,2012
Drunk On You,Luke Bryan,53,2012
No Lie,2 Chainz Featuring Drake,54,2012
Want U Back,Cher Lloyd,55,2012
Don't Wake Me Up,Chris Brown,56,2012
Dance (A$$),Big Sean Featuring Nicki Minaj,57,2012
Springsteen,Eric Church,58,2012
Brokenhearted,Karmin,59,2012
Not Over You,Gavin DeGraw,60,2012
Stereo Hearts,Gym Class Heroes Featuring Adam Levine,61,2012
Back In Time,Pitbull,62,2012
Work Out,J. Cole,63,2012
Rumour Has It,Adele,64,2012
Let's Go,Calvin Harris Featuring Ne-Yo,65,2012
Good Girl,Carrie Underwood,66,2012
Pontoon,Little Big Town,67,2012
Ho Hey,The Lumineers,68,2012
Paradise,Coldplay,69,2012
Blown Away,Carrie Underwood,70,2012
Rolling In The Deep,Adele,71,2012
Climax,Usher,72,2012
"Work Hard, Play Hard",Wiz Khalifa,73,2012
Let Me Love You (Until You Learn To Love Yourself),Ne-Yo,74,2012
Pound The Alarm,Nicki Minaj,75,2012
Come Over,Kenny Chesney,76,2012
Heart Attack,Trey Songz,77,2012
Drank In My Cup,Kirko Bangz,78,2012
Birthday Cake,Rihanna Featuring Chris Brown,79,2012
So Good,B.o.B,80,2012
50 Ways To Say Goodbye,Train,81,2012
Red Solo Cup,Toby Keith,82,2012
Love You Like A Love Song,Selena Gomez & The Scene,83,2012
Turn Up The Music,Chris Brown,84,2012
Die Young,Ke$ha,85,2012
5 O'Clock,T-Pain Featuring Wiz Khalifa & Lily Allen,86,2012
A Thousand Years,Christina Perri,87,2012
Take A Little Ride,Jason Aldean,88,2012
You Da One,Rihanna,89,2012
We Run The Night,Havana Brown Featuring Pitbull,90,2012
It's Time,Imagine Dragons,91,2012
Cashin' Out,Ca$h Out,92,2012
I Don't Want This Night To End,Luke Bryan,93,2012
Diamonds,Rihanna,94,2012
Hard To Love,Lee Brice,95,2012
Somethin' 'Bout A Truck,Kip Moore,96,2012
Adorn,Miguel,97,2012
Fly Over States,Jason Aldean,98,2012
Even If It Breaks Your Heart,Eli Young Band,99,2012
Burn It Down,Linkin Park,100,2012
Thrift Shop,Macklemore & Ryan Lewis Featuring Wanz,1,2013
Blurred Lines,Robin Thicke Featuring T.I. + Pharrell,2,2013
Radioactive,Imagine Dragons,3,2013
Harlem Shake,Baauer,4,2013
Can't Hold Us,Macklemore & Ryan Lewis Featuring Ray Dalton,5,2013
Mirrors,Justin Timberlake,6,2013
Just Give Me A Reason,P!nk Featuring Nate Ruess,7,2013
When I Was Your Man,Bruno Mars,8,2013
Cruise,Florida Georgia Line Featuring Nelly,9,2013
Roar,Katy Perry,10,2013
Locked Out Of Heaven,Bruno Mars,11,2013
Ho Hey,The Lumineers,12,2013
Stay,Rihanna Featuring Mikky Ekko,13,2013
Get Lucky,Daft Punk Featuring Pharrell Williams,14,2013
Royals,Lorde,15,2013
I Knew You Were Trouble.,Taylor Swift,16,2013
We Can't Stop,Miley Cyrus,17,2013
Wrecking Ball,Miley Cyrus,18,2013
Wake Me Up!,Avicii,19,2013
Suit & Tie,Justin Timberlake Featuring JAY Z,20,2013
Cups (Pitch Perfect's When I'm Gone),Anna Kendrick,21,2013
Holy Grail,Jay Z Featuring Justin Timberlake,22,2013
Scream & Shout,will.i.am & Britney Spears,23,2013
Clarity,Zedd Featuring Foxes,24,2013
Sail,AWOLNATION,25,2013
Don't You Worry Child,Swedish House Mafia Featuring John Martin,26,2013
Diamonds,Rihanna,27,2013
I Love It,Icona Pop Featuring Charli XCX,28,2013
Safe And Sound,Capital Cities,29,2013
Treasure,Bruno Mars,30,2013
The Way,Ariana Grande Featuring Mac Miller,31,2013
Started From The Bottom,Drake,32,2013
Come & Get It,Selena Gomez,33,2013
"Hold On, We're Going Home",Drake Featuring Majid Jordan,34,2013
Daylight,Maroon 5,35,2013
Feel This Moment,Pitbull Featuring Christina Aguilera,36,2013
Applause,Lady Gaga,37,2013
One More Night,Maroon 5,38,2013
Love Me,Lil Wayne Featuring Drake & Future,39,2013
My Songs Know What You Did In The Dark (Light Em Up),Fall Out Boy,40,2013
F**kin Problems,"A$AP Rocky Featuring Drake, 2 Chainz & Kendrick Lamar",41,2013
Beauty And A Beat,Justin Bieber Featuring Nicki Minaj,42,2013
Same Love,Macklemore & Ryan Lewis Featuring Mary Lambert,43,2013
Sweet Nothing,Calvin Harris Featuring Florence Welch,44,2013
Summertime Sadness,Lana Del Rey & Cedric Gervais,45,2013
 Home,Phillip Phillips,46,2013
It's Time,Imagine Dragons,47,2013
Power Trip,J. Cole Featuring Miguel,48,2013
Girl On Fire,Alicia Keys Featuring Nicki Minaj,49,2013
Heart Attack,Demi Lovato,50,2013
Love Somebody,Maroon 5,51,2013
I Will Wait,Mumford & Sons,52,2013
Try,P!nk,53,2013
Wagon Wheel,Darius Rucker,54,2013
Gangnam Style,PSY,55,2013
I Need Your Love,Calvin Harris Featuring Ellie Goulding,56,2013
Die Young,Ke$ha,57,2013
Some Nights,fun.,58,2013
Bad,Wale Featuring Tiara Thomas Or Rihanna,59,2013
Boys 'round Here,Blake Shelton Featuring Pistol Annies & Friends,60,2013
"Gone, Gone, Gone",Phillip Phillips,61,2013
Demons,Imagine Dragons ,62,2013
Counting Stars,OneRepublic,63,2013
I Cry,Flo Rida,64,2013
Little Talks,Of Monsters And Men,65,2013
The Other Side,Jason Derulo,66,2013
Berzerk,Eminem,67,2013
Catch My Breath,Kelly Clarkson,68,2013
Crash My Party,Luke Bryan,69,2013
Pour It Up,Rihanna,70,2013
22,Taylor Swift,71,2013
I Want Crazy,Hunter Hayes,72,2013
The Fox,Ylvis,73,2013
Best Song Ever,One Direction,74,2013
The A Team,Ed Sheeran,75,2013
Carry On,fun.,76,2013
Highway Don't Care,Tim McGraw With Taylor Swift,77,2013
That's My Kind Of Night,Luke Bryan,78,2013
Swimming Pools (Drank),Kendrick Lamar,79,2013
Sure Be Cool If You Did,Blake Shelton,80,2013
#Beautiful,Mariah Carey Featuring Miguel,81,2013
Troublemaker,Olly Murs Featuring Flo Rida,82,2013
Body Party,Ciara,83,2013
Adorn,Miguel,84,2013
Hall Of Fame,The Script Featuring will.i.am,85,2013
Let Me Love You (Until You Learn To Love Yourself),Ne-Yo,86,2013
U.O.E.N.O.,Rocko Featuring Future & Rick Ross,87,2013
Next To Me,Emeli Sande,88,2013
Mama's Broken Heart,Miranda Lambert,89,2013
It Goes Like This,Thomas Rhett,90,2013
Bugatti,Ace Hood Featuring Future & Rick Ross,91,2013
Wanted,Hunter Hayes,92,2013
Downtown,Lady Antebellum,93,2013
Get Your Shine On,Florida Georgia Line,94,2013
#thatPOWER,will.i.am Featuring Justin Bieber,95,2013
Brave,Sara Bareilles,96,2013
Let Her Go,Passenger,97,2013
Runnin' Outta Moonlight,Randy Houser,98,2013
I'm Different,2 Chainz,99,2013
 Still Into You,Paramore,100,2013
Happy,Pharrell Williams,1,2014
Dark Horse,Katy Perry Featuring Juicy J,2,2014
All Of Me,John Legend,3,2014
Fancy,Iggy Azalea Featuring Charli XCX,4,2014
Counting Stars,OneRepublic,5,2014
Talk Dirty,Jason Derulo Featuring 2 Chainz,6,2014
Rude,MAGIC!,7,2014
All About That Bass,Meghan Trainor,8,2014
Problem,Ariana Grande Featuring Iggy Azalea,9,2014
Stay With Me,Sam Smith,10,2014
Timber,Pitbull Featuring Ke$ha,11,2014
Pompeii,Bastille,12,2014
Shake It Off,Taylor Swift,13,2014
Am I Wrong,Nico & Vinz,14,2014
Turn Down For What,DJ Snake & Lil Jon,15,2014
The Monster,Eminem Featuring Rihanna,16,2014
Say Something,A Great Big World & Christina Aguilera,17,2014
Team,Lorde,18,2014
Let Her Go,Passenger,19,2014
Royals,Lorde,20,2014
Let It Go,Idina Menzel,21,2014
Wake Me Up!,Avicii,22,2014
Demons,Imagine Dragons,23,2014
 Story Of My Life,One Direction,24,2014
Chandelier,Sia,25,2014
Black Widow,Iggy Azalea Featuring Rita Ora,26,2014
Bang Bang,"Jessie J, Ariana Grande & Nicki Minaj",27,2014
Latch,Disclosure Featuring Sam Smith,28,2014
Maps,Maroon 5,29,2014
Loyal,Chris Brown Featuring Lil Wayne & French Montana Or Too $hort Or Tyga,30,2014
Best Day Of My Life,American Authors,31,2014
Habits (Stay High),Tove Lo,32,2014
Summer,Calvin Harris,33,2014
Boom Clap,Charli XCX,34,2014
Drunk In Love,Beyonce Featuring Jay Z,35,2014
Anaconda,Nicki Minaj,36,2014
Break Free,Ariana Grande Featuring Zedd,37,2014
Bailando,Enrique Iglesias Featuring Descemer Bueno & Gente de Zona,38,2014
Burn,Ellie Goulding,39,2014
Wiggle,Jason Derulo Featuring Snoop Dogg,40,2014
Rather Be,Clean Bandit Featuring Jess Glynne,41,2014
Don't Tell 'Em,Jeremih Featuring YG,42,2014
Show Me,Kid Ink Featuring Chris Brown,43,2014
Wrecking Ball,Miley Cyrus,44,2014
Not A Bad Thing,Justin Timberlake,45,2014
Roar,Katy Perry,46,2014
Ain't It Fun,Paramore,47,2014
The Man,Aloe Blacc,48,2014
This Is How We Roll, Florida Georgia Line Featuring Luke Bryan,49,2014
Classic,MKTO,50,2014
A Sky Full Of Stars,Coldplay,51,2014
Don't,Ed Sheeran,52,2014
Na Na,Trey Songz,53,2014
Hot Boy,Bobby Shmurda,54,2014
"Hold On, We're Going Home",Drake Featuring Majid Jordan,55,2014
Sing,Ed Sheeran,56,2014
Radioactive,Imagine Dragons,57,2014
My Hitta,YG Featuring Jeezy & Rich Homie Quan,58,2014
Cool Kids,Echosmith,59,2014
Hey Brother,Avicii,60,2014
Trumpets,Jason Derulo,61,2014
Animals,Maroon 5,62,2014
Burnin' It Down,Jason Aldean,63,2014
Play It Again,Luke Bryan,64,2014
2 On,Tinashe Featuring ScHoolboy Q,65,2014
Dirt,Florida Georgia Line,66,2014
Love Runs Out,OneRepublic,67,2014
Bottoms Up,Brantley Gilbert,68,2014
Shower,Becky G,69,2014
Me And My Broken Heart,Rixton,70,2014
Animals,Martin Garrix,71,2014
Lifestyle,Rich Gang Featuring Young Thug & Rich Homie Quan,72,2014
American Kids,Kenny Chesney,73,2014
Brave,Sara Bareilles,74,2014
Sweater Weather,The Neighbourhood,75,2014
Leave The Night On,Sam Hunt,76,2014
New Flame,Chris Brown Featuring Usher & Rick Ross,77,2014
Love Never Felt So Good,Michael Jackson & Justin Timberlake,78,2014
Drunk On A Plane,Dierks Bentley,79,2014
Birthday,Katy Perry,80,2014
Bartender,Lady Antebellum,81,2014
La La La,Naughty Boy Featuring Sam Smith,82,2014
Blurred Lines,Robin Thicke Featuring T.I. + Pharrell,83,2014
Do What U Want,Lady Gaga Featuring R. Kelly,84,2014
Can't Remember To Forget You,Shakira Featuring Rihanna,85,2014
Amnesia,5 Seconds Of Summer,86,2014
No Mediocre,T.I. Featuring Iggy Azalea,87,2014
Come With Me Now,KONGOS,88,2014
Believe Me,Lil Wayne Featuring Drake,89,2014
23 ,"Mike WiLL Made-It Featuring Miley Cyrus, Wiz Khalifa & Juicy J",90,2014
Beachin',Jake Owen,91,2014
White Walls,Macklemore & Ryan Lewis Featuring ScHoolboy Q & Hollis,92,2014
She Looks So Perfect ,5 Seconds Of Summer,93,2014
Stay The Night,Zedd Featuring Hayley Williams,94,2014
Partition,Beyonce,95,2014
Studio,ScHoolboy Q Featuring BJ The Chicago Kid,96,2014
0 To 100 / The Catch Up,Drake,97,2014
I Don't Dance,Lee Brice,98,2014
Somethin' Bad,Miranda Lambert Duet With Carrie Underwood,99,2014
Adore You,Miley Cyrus,100,2014
Uptown Funk!,Mark Ronson Featuring Bruno Mars,1,2015
Thinking Out Loud,Ed Sheeran,2,2015
See You Again,Wiz Khalifa Featuring Charlie Puth,3,2015
Trap Queen,Fetty Wap,4,2015
Sugar,Maroon 5,5,2015
Shut Up And Dance,WALK THE MOON,6,2015
Blank Space,Taylor Swift,7,2015
Watch Me,Silento,8,2015
Earned It (Fifty Shades Of Grey),The Weeknd,9,2015
The Hills,The Weeknd,10,2015
 Cheerleader,OMI,11,2015
Can't Feel My Face,The Weeknd,12,2015
Love Me Like You Do,Ellie Goulding,13,2015
Take Me To Church,Hozier,14,2015
Bad Blood,Taylor Swift Featuring Kendrick Lamar,15,2015
Lean On,Major Lazer & DJ Snake Featuring MO,16,2015
Want To Want Me,Jason Derulo,17,2015
Shake It Off,Taylor Swift,18,2015
Where Are U Now,Skrillex & Diplo With Justin Bieber,19,2015
Fight Song,Rachel Platten,20,2015
679,Fetty Wap Featuring Remy Boyz,21,2015
Lips Are Movin,Meghan Trainor,22,2015
Worth It,Fifth Harmony Featuring Kid Ink,23,2015
Post To Be,Omarion Featuring Chris Brown & Jhene Aiko,24,2015
"Honey, I'm Good.",Andy Grammer,25,2015
I'm Not The Only One,Sam Smith,26,2015
Good For You,Selena Gomez Featuring A$AP Rocky,27,2015
All About That Bass,Meghan Trainor,28,2015
 Style,Taylor Swift,29,2015
Hotline Bling,Drake,30,2015
Hey Mama,"David Guetta Featuring Nicki Minaj, Bebe Rexha & Afrojack",31,2015
G.D.F.R.,Flo Rida Featuring Sage The Gemini & Lookas,32,2015
What Do You Mean?,Justin Bieber,33,2015
Photograph,Ed Sheeran,34,2015
Hello,Adele,35,2015
Stitches,Shawn Mendes,36,2015
Talking Body,Tove Lo,37,2015
Jealous,Nick Jonas,38,2015
Time Of Our Lives,Pitbull & Ne-Yo,39,2015
 Locked Away,R. City Featuring Adam Levine,40,2015
Somebody,Natalie La Rose Featuring Jeremih,41,2015
FourFiveSeconds,Rihanna & Kanye West & Paul McCartney,42,2015
Centuries,Fall Out Boy,43,2015
My Way,Fetty Wap Featuring Monty,44,2015
Take Your Time,Sam Hunt,45,2015
Animals,Maroon 5,46,2015
I Don't F**k With You,Big Sean Featuring E-40,47,2015
B**** Better Have My Money,Rihanna,48,2015
Flex (Ooh Ooh Ooh),Rich Homie Quan,49,2015
Nasty Freestyle,T-Wayne,50,2015
Only,"Nicki Minaj Featuring Drake, Lil Wayne & Chris Brown",51,2015
Elastic Heart,Sia,52,2015
Cool For The Summer,Demi Lovato,53,2015
Renegades,X Ambassadors,54,2015
I Don't Mind,Usher Featuring Juicy J,55,2015
Love Me Harder,Ariana Grande & The Weeknd,56,2015
Wildest Dreams,Taylor Swift,57,2015
Stay With Me,Sam Smith,58,2015
You Know You Like It,DJ Snake & AlunaGeorge,59,2015
Uma Thurman,Fall Out Boy,60,2015
7/11,Beyonce,61,2015
The Heart Wants What It Wants,Selena Gomez,62,2015
Girl Crush,Little Big Town,63,2015
Slow Motion,Trey Songz,64,2015
Drag Me Down,One Direction,65,2015
Truffle Butter,Nicki Minaj Featuring Drake & Lil Wayne,66,2015
One Last Time,Ariana Grande,67,2015
Chains,Nick Jonas,68,2015
All Eyes On You,Meek Mill Featuring Chris Brown & Nicki Minaj,69,2015
No Type,Rae Sremmurd,70,2015
Riptide,Vance Joy,71,2015
Classic Man,Jidenna Featuring Roman GianArthur,72,2015
Ex's & Oh's,Elle King,73,2015
Dear Future Husband ,Meghan Trainor,74,2015
Marvin Gaye,Charlie Puth Featuring Meghan Trainor,75,2015
Like I'm Gonna Lose You,Meghan Trainor Featuring John Legend,76,2015
Habits (Stay High),Tove Lo,77,2015
The Hanging Tree,James Newton Howard Featuring Jennifer Lawrence,78,2015
CoCo,O.T. Genasis,79,2015
Bang Bang,"Jessie J, Ariana Grande & Nicki Minaj",80,2015
Lay Me Down,Sam Smith,81,2015
Tuesday,I LOVE MAKONNEN Featuring Drake,82,2015
Hit The Quan,iLoveMemphis,83,2015
Downtown,"Macklemore & Ryan Lewis Featuring Eric Nally, Melle Mel, Kool Moe Dee & Grandmaster Caz",84,2015
House Party,Sam Hunt,85,2015
Ayo ,Chris Brown & Tyga,86,2015
Kick The Dust Up,Luke Bryan,87,2015
Blessings,Big Sean Featuring Drake,88,2015
Budapest,George Ezra,89,2015
Chandelier,Sia,90,2015
Heartbeat Song,Kelly Clarkson,91,2015
Don't,Ed Sheeran,92,2015
Ghost,Ella Henderson,93,2015
Here,Alessia Cara,94,2015
Waves,Mr. Probz,95,2015
El Perdon (Forgiveness),Nicky Jam & Enrique Iglesias,96,2015
She Knows,Ne-Yo Featuring Juicy J,97,2015
Night Changes,One Direction,98,2015
Back To Back,Drake,99,2015
How Deep Is Your Love,Calvin Harris & Disciples,100,2015
Love Yourself,Justin Bieber,1,2016
Sorry,Justin Bieber,2,2016
One Dance,Drake Featuring WizKid & Kyla,3,2016
Work,Rihanna Featuring Drake,4,2016
Stressed Out,twenty one pilots,5,2016
Panda,Desiigner,6,2016
Hello,Adele,7,2016
Don't Let Me Down,The Chainsmokers Featuring Daya,8,2016
Can't Stop The Feeling!,Justin Timberlake,9,2016
Closer,The Chainsmokers Featuring Halsey,10,2016
Cheap Thrills,Sia Featuring Sean Paul,11,2016
7 Years,Lukas Graham,12,2016
Needed Me,Rihanna,13,2016
My House,Flo Rida,14,2016
I Took A Pill In Ibiza,Mike Posner,15,2016
Work From Home,Fifth Harmony Featuring Ty Dolla $ign,16,2016
This Is What You Came For,Calvin Harris Featuring Rihanna,17,2016
Cake By The Ocean,DNCE,18,2016
"Me, Myself & I",G-Eazy x Bebe Rexha,19,2016
Ride,twenty one pilots,20,2016
Heathens,twenty one pilots,21,2016
Pillowtalk,Zayn,22,2016
Stitches,Shawn Mendes,23,2016
Hotline Bling,Drake,24,2016
Cold Water,Major Lazer Featuring Justin Bieber & MO,25,2016
Send My Love (To Your New Lover),Adele,26,2016
Roses,The Chainsmokers Featuring Rozes,27,2016
Treat You Better,Shawn Mendes,28,2016
Too Good,Drake Featuring Rihanna,29,2016
Low Life,Future Featuring The Weeknd,30,2016
What Do You Mean?,Justin Bieber,31,2016
The Hills,The Weeknd,32,2016
Just Like Fire,P!nk,33,2016
Broccoli,D.R.A.M. Featuring Lil Yachty,34,2016
Don't,Bryson Tiller,35,2016
Dangerous Woman,Ariana Grande,36,2016
Jumpman,Drake & Future,37,2016
I Hate U I Love U,gnash Featuring Olivia O'Brien,38,2016
Here,Alessia Cara,39,2016
Same Old Love,Selena Gomez,40,2016
Controlla,Drake,41,2016
Like I'm Gonna Lose You ,Meghan Trainor Featuring John Legend,42,2016
One Call Away,Charlie Puth,43,2016
Let It Go,James Bay,44,2016
No,Meghan Trainor,45,2016
Never Forget You,Zara Larsson & MNEK,46,2016
Let Me Love You,DJ Snake Featuring Justin Bieber,47,2016
Don't Mind,Kent Jones,48,2016
H.O.L.Y.,Florida Georgia Line,49,2016
We Don't Talk Anymore,Charlie Puth Featuring Selena Gomez,50,2016
Into You,Ariana Grande,51,2016
Gold,Kiiara,52,2016
Exchange,Bryson Tiller,53,2016
679,Fetty Wap Featuring Remy Boyz,54,2016
Oui,Jeremih,55,2016
Hands To Myself,Selena Gomez,56,2016
2 Phones,Kevin Gates,57,2016
Starboy,The Weeknd Featuring Daft Punk,58,2016
For Free,DJ Khaled Featuring Drake,59,2016
Never Be Like You,Flume Featuring Kai,60,2016
In The Night,The Weeknd,61,2016
Me Too,Meghan Trainor,62,2016
Ex's & Oh's,Elle King,63,2016
Die A Happy Man,Thomas Rhett,64,2016
White Iverson,Post Malone,65,2016
Close,Nick Jonas Featuring Tove Lo,66,2016
Unsteady,X Ambassadors,67,2016
Sucker For Pain,"Lil Wayne, Wiz Khalifa & Imagine Dragons With Logic & Ty Dolla $ign Feat. X Ambassadors",68,2016
Down In The DM,Yo Gotti Featuring Nicki Minaj,69,2016
Luv,Tory Lanez,70,2016
Sorry,Beyonce,71,2016
Can't Feel My Face,The Weeknd,72,2016
Hymn For The Weekend,Coldplay,73,2016
Say It,Tory Lanez,74,2016
Antidote,Travis Scott,75,2016
Lost Boy,Ruth B,76,2016
Side To Side,Ariana Grande Featuring Nicki Minaj,77,2016
"Sit Still, Look Pretty",Daya,78,2016
Wildest Dreams,Taylor Swift,79,2016
Middle,DJ Snake Featuring Bipolar Sunshine,80,2016
On My Mind,Ellie Goulding,81,2016
Pop Style,Drake Featuring The Throne,82,2016
When We Were Young,Adele,83,2016
Hide Away,Daya,84,2016
Lean On,Major Lazer & DJ Snake Featuring MO,85,2016
I Know What You Did Last Summer,Shawn Mendes & Camila Cabello,86,2016
Watch Me,Silento,88,2016
Back To Sleep,Chris Brown,89,2016
No Limit,Usher Featuring Young Thug,90,2016
Cut It,O.T. Genasis Featuring Young Dolph,91,2016
Really Really,Kevin Gates,92,2016
All In My Head (Flex),Fifth Harmony Featuring Fetty Wap,93,2016
Starving,Hailee Steinfeld & Grey Featuring Zedd,94,2016
Adventure Of A Lifetime,Coldplay,95,2016
Humble And Kind,Tim McGraw,96,2016
Wicked,Future,97,2016
Tiimmy Turner,Desiigner,98,2016
See You Again,Wiz Khalifa Featuring Charlie Puth,99,2016
Perfect,One Direction,100,2016
Shape Of You,Ed Sheeran,1,2017
Despacito,Luis Fonsi & Daddy Yankee Featuring Justin Bieber,2,2017
That's What I Like,Bruno Mars,3,2017
Humble.,Kendrick Lamar,4,2017
Something Just Like This,The Chainsmokers & Coldplay,5,2017
Bad And Boujee,Migos Featuring Lil Uzi Vert,6,2017
Closer,The Chainsmokers Featuring Halsey,7,2017
Body Like A Back Road,Sam Hunt,8,2017
Believer,Imagine Dragons,9,2017
Congratulations,Post Malone Featuring Quavo,10,2017
Say You Won't Let Go,James Arthur,11,2017
I'm The One,"DJ Khaled Featuring Justin Bieber, Quavo, Chance The Rapper & Lil Wayne",12,2017
XO TOUR Llif3, Lil Uzi Vert,13,2017
Mask Off,Future,14,2017
Unforgettable,French Montana Featuring Swae Lee,15,2017
24K Magic,Bruno Mars,16,2017
Stay,Zedd & Alessia Cara,17,2017
Wild Thoughts,DJ Khaled Featuring Rihanna & Bryson Tiller,18,2017
Black Beatles,Rae Sremmurd Featuring Gucci Mane,19,2017
Starboy,The Weeknd Featuring Daft Punk,20,2017
Location,Khalid,21,2017
Attention,Charlie Puth,22,2017
There's Nothing Holdin' Me Back,Shawn Mendes,23,2017
Bodak Yellow (Money Moves),Cardi B,24,2017
Redbone,Childish Gambino,25,2017
I Don't Wanna Live Forever (Fifty Shades Darker),Zayn / Taylor Swift,26,2017
It Ain't Me,Kygo x Selena Gomez,27,2017
iSpy,KYLE Featuring Lil Yachty,28,2017
Issues,Julia Michaels,29,2017
Scars To Your Beautiful,Alessia Cara,30,2017
1-800-273-8255,Logic Featuring Alessia Cara & Khalid,31,2017
Slow Hands,Niall Horan,32,2017
Love On The Brain,Rihanna,33,2017
I Feel It Coming,The Weeknd Featuring Daft Punk,34,2017
 Bounce Back,Big Sean,35,2017
Strip That Down,Liam Payne Featuring Quavo,36,2017
Fake Love,Drake,37,2017
Don't Wanna Know,Maroon 5 Featuring Kendrick Lamar,38,2017
Look What You Made Me Do,Taylor Swift,39,2017
Castle On The Hill,Ed Sheeran,40,2017
Bad Things,Machine Gun Kelly x Camila Cabello,41,2017
Paris,The Chainsmokers,42,2017
Side To Side,Ariana Grande Featuring Nicki Minaj,43,2017
Rockabye,Clean Bandit Featuring Sean Paul & Anne-Marie,44,2017
Feel It Still,Portugal. The Man,45,2017
Let Me Love You,DJ Snake Featuring Justin Bieber,46,2017
Sorry Not Sorry,Demi Lovato,47,2017
Bank Account,21 Savage,48,2017
Can't Stop The Feeling!,Justin Timberlake,49,2017
Mi Gente,J Balvin & Willy William Featuring Beyonce,50,2017
Thunder,Imagine Dragons,51,2017
T-Shirt,Migos,52,2017
Rake It Up,Yo Gotti Featuring Nicki Minaj,53,2017
Mercy,Shawn Mendes,54,2017
Tunnel Vision, Kodak Black,55,2017
Rockstar,Post Malone Featuring 21 Savage,56,2017
In Case You Didn't Know,Brett Young,57,2017
Heathens,twenty one pilots,58,2017
Now Or Never,Halsey,59,2017
Caroline,Amine,60,2017
Rolex,Ayo & Teo,61,2017
DNA.,Kendrick Lamar,62,2017
Juju On That Beat (TZ Anthem),Zay Hilfigerrr & Zayion McCall,63,2017
Swang,Rae Sremmurd,64,2017
Passionfruit,Drake,65,2017
Loyalty.,Kendrick Lamar Featuring Rihanna,66,2017
Praying,Kesha,67,2017
Goosebumps,Travis Scott,68,2017
Cold,Maroon 5 Featuring Future,69,2017
Broccoli,D.R.A.M. Featuring Lil Yachty,70,2017
Slide,Calvin Harris Featuring Frank Ocean & Migos,71,2017
What Ifs,Kane Brown Featuring Lauren Alaina,72,2017
Chained To The Rhythm,Katy Perry Featuring Skip Marley,73,2017
 Feels,"Calvin Harris Featuring Pharrell Williams, Katy Perry & Big Sean",74,2017
All Time Low,Jon Bellion,75,2017
Hurricane,Luke Combs,76,2017
Too Good At Goodbyes,Sam Smith,77,2017
Young Dumb & Broke, Khalid,78,2017
Magnolia,Playboi Carti,79,2017
Love Galore,SZA Featuring Travis Scott,80,2017
Drowning,A Boogie Wit da Hoodie Featuring Kodak Black,81,2017
Starving,Hailee Steinfeld & Grey Featuring Zedd,82,2017
Both,Gucci Mane Featuring Drake,83,2017
What About Us,P!nk,84,2017
Swalla,Jason Derulo Featuring Nicki Minaj & Ty Dolla $ign,85,2017
Slippery,Migos Featuring Gucci Mane,86,2017
Sign Of The Times,Harry Styles,87,2017
Water Under The Bridge,Adele,88,2017
Malibu,Miley Cyrus,89,2017
Down,Marian Hill,90,2017
No Promises,Cheat Codes Featuring Demi Lovato,91,2017
Treat You Better,Shawn Mendes,92,2017
I Get The Bag,Gucci Mane Featuring Migos,93,2017
Small Town Boy,Dustin Lynch,94,2017
Everyday We Lit,YFN Lucci Featuring PnB Rock,95,2017
Havana,Camila Cabello Featuring Young Thug,96,2017
What Lovers Do,Maroon 5 Featuring SZA,97,2017
Do Re Mi,blackbear,98,2017
Look At Me!,XXXTENTACION,99,2017
The Fighter,Keith Urban Featuring Carrie Underwood,100,2017
God's Plan,Drake,1,2018
Perfect,Ed Sheeran,2,2018
Meant To Be,Bebe Rexha & Florida Georgia Line,3,2018
Havana,Camila Cabello Featuring Young Thug,4,2018
Rockstar,Post Malone Featuring 21 Savage,5,2018
Psycho,Post Malone Featuring Ty Dolla $ign,6,2018
I Like It,"Cardi B, Bad Bunny & J Balvin",7,2018
The Middle,"Zedd, Maren Morris & Grey",8,2018
In My Feelings,Drake,9,2018
Girls Like You,Maroon 5 Featuring Cardi B,10,2018
Nice For What,Drake,11,2018
Lucid Dreams,Juice WRLD,12,2018
Better Now,Post Malone,13,2018
Finesse,Bruno Mars & Cardi B,14,2018
Boo'd Up,Ella Mai,15,2018
New Rules,Dua Lipa,16,2018
Sad!,XXXTENTACION,17,2018
Never Be The Same,Camila Cabello,18,2018
Love Lies,Khalid & Normani,19,2018
No Tears Left To Cry,Ariana Grande,20,2018
Mine,Bazzi,21,2018
Thunder,Imagine Dragons,22,2018
Look Alive,BlocBoy JB Featuring Drake,23,2018
Delicate,Taylor Swift,24,2018
Yes Indeed,Lil Baby & Drake,25,2018
Friends,Marshmello & Anne-Marie,26,2018
Bad At Love,Halsey,27,2018
Taste,Tyga Featuring Offset,28,2018
Let You Down,NF,29,2018
No Limit,G-Eazy Featuring A$AP Rocky & Cardi B,30,2018
FEFE,6ix9ine Featuring Nicki Minaj & Murda Beatz,31,2018
Tequila,Dan + Shay,32,2018
Feel It Still,Portugal. The Man,33,2018
MotorSport,"Migos, Nicki Minaj & Cardi B",34,2018
I Like Me Better,Lauv,35,2018
Youngblood,5 Seconds Of Summer,36,2018
Whatever It Takes,Imagine Dragons,37,2018
Ric Flair Drip,Offset & Metro Boomin,38,2018
I Fall Apart,Post Malone,39,2018
Pray For Me,The Weeknd & Kendrick Lamar,40,2018
Back To You,Selena Gomez,41,2018
Sicko Mode,Travis Scott,42,2018
Walk It Talk It,Migos Featuring Drake,43,2018
Gucci Gang,Lil Pump,44,2018
Him & I,G-Eazy & Halsey,45,2018
In My Blood,Shawn Mendes,46,2018
All The Stars,Kendrick Lamar & SZA,47,2018
Stir Fry,Migos,48,2018
Too Good At Goodbyes,Sam Smith,49,2018
Love.,Kendrick Lamar Featuring Zacari,50,2018
This Is America,Childish Gambino,51,2018
Nonstop,Drake,52,2018
Heaven,Kane Brown,53,2018
Bodak Yellow (Money Moves),Cardi B,54,2018
Freaky Friday,Lil Dicky Featuring Chris Brown,55,2018
Gummo,6ix9ine,56,2018
Plug Walk,Rich The Kid,57,2018
Wait,Maroon 5,58,2018
Be Careful,Cardi B,59,2018
Wolves,Selena Gomez X Marshmello,60,2018
Bartier Cardi,Cardi B Featuring 21 Savage ,61,2018
God Is A Woman,Ariana Grande,62,2018
Big Bank,"YG Featuring 2 Chainz, Big Sean & Nicki Minaj",63,2018
Sorry Not Sorry,Demi Lovato,64,2018
How Long,Charlie Puth,65,2018
Lights Down Low,MAX Featuring gnash,66,2018
Young Dumb & Broke,Khalid,67,2018
One Kiss,Calvin Harris & Dua Lipa,68,2018
Natural,Imagine Dragons,69,2018
You Make It Easy,Jason Aldean,70,2018
Shape Of You,Ed Sheeran,71,2018
I Get The Bag,Gucci Mane Featuring Migos,72,2018
No Brainer,"DJ Khaled Featuring Justin Bieber, Chance The Rapper & Quavo",73,2018
Plain Jane,A$AP Ferg Featuring Nicki Minaj,74,2018
Sky Walker,Miguel Featuring Travis Scott,75,2018
Marry Me,Thomas Rhett,76,2018
Eastside,"benny blanco, Halsey & Khalid",77,2018
Call Out My Name,The Weeknd,78,2018
King's Dead,"Jay Rock, Kendrick Lamar, Future & James Blake",79,2018
Happier,Marshmello & Bastille,80,2018
Te Bote,"Casper Magico, Nio Garcia, Darell, Nicky Jam, Ozuna & Bad Bunny",81,2018
Simple,Florida Georgia Line,82,2018
Lemon,N*E*R*D & Rihanna,83,2018
1-800-273-8255,Logic Featuring Alessia Cara & Khalid,84,2018
Say Something,Justin Timberlake Featuring Chris Stapleton,85,2018
I'm Upset ,Drake,86,2018
Get Along,Kenny Chesney,87,2018
Moonlight,XXXTENTACION,88,2018
What Lovers Do,Maroon 5 Featuring SZA,89,2018
X,Nicky Jam x J Balvin,90,2018
Outside Today,YoungBoy Never Broke Again,91,2018
Trip,Ella Mai,92,2018
Dura,Daddy Yankee,93,2018
Changes,XXXTENTACION,94,2018
Mercy,Brett Young,95,2018
One Number Away,Luke Combs,96,2018
Powerglide,Rae Sremmurd & Juicy J,97,2018
IDGAF,Dua Lipa,98,2018
Mi Gente,J Balvin & Willy William Featuring Beyonce,99,2018
Believer ,Imagine Dragons,100,2018
Old Town Road,Lil Nas X Featuring Billy Ray Cyrus,1,2019
Sunflower (Spider-Man: Into The Spider-Verse),Post Malone & Swae Lee,2,2019
Without Me,Halsey,3,2019
Bad Guy,Billie Eilish,4,2019
Wow.,Post Malone ,5,2019
Happier,Marshmello & Bastille,6,2019
7 Rings,Ariana Grande,7,2019
Talk,Khalid,8,2019
Sicko Mode,Travis Scott,9,2019
Sucker,Jonas Brothers,10,2019
High Hopes,Panic! At The Disco,11,2019
"Thank U, Next",Ariana Grande,12,2019
Truth Hurts,Lizzo,13,2019
Dancing With A Stranger,Sam Smith & Normani,14,2019
Senorita,Shawn Mendes & Camila Cabello,15,2019
I Don't Care,Ed Sheeran & Justin Bieber,16,2019
Eastside,"benny blanco, Halsey & Khalid",17,2019
Going Bad,Meek Mill Featuring Drake,18,2019
Shallow,Lady Gaga & Bradley Cooper,19,2019
Better,Khalid,20,2019
No Guidance,Chris Brown Featuring Drake,21,2019
Girls Like You,Maroon 5 Featuring Cardi B,22,2019
Sweet But Psycho,Ava Max,23,2019
Suge,DaBaby,24,2019
Middle Child,J. Cole,25,2019
Drip Too Hard,Lil Baby & Gunna,26,2019
Someone You Loved,Lewis Capaldi,27,2019
Ran$om,Lil Tecca,28,2019
If I Can't Have You,Shawn Mendes,29,2019
Goodbyes,Post Malone Featuring Young Thug,30,2019
ZEZE,Kodak Black Featuring Travis Scott & Offset,31,2019
Better Now,Post Malone,32,2019
Youngblood,5 Seconds Of Summer,33,2019
Money In The Grave,Drake Featuring Rick Ross,34,2019
Speechless,Dan + Shay,35,2019
"Break Up With Your Girlfriend, I'm Bored",Ariana Grande,36,2019
Please Me,Cardi B & Bruno Mars,37,2019
Money, Cardi B,38,2019
You Need To Calm Down,Taylor Swift,39,2019
Panini,Lil Nas X,40,2019
Look Back At It,A Boogie Wit da Hoodie,41,2019
A Lot,21 Savage,42,2019
ME!,Taylor Swift Featuring Brendon Urie,43,2019
MIA,Bad Bunny Featuring Drake,44,2019
Pop Out,Polo G Featuring Lil Tjay,45,2019
Beautiful Crazy,Luke Combs,46,2019
Thotiana,Blueface,47,2019
Lucid Dreams,Juice WRLD,48,2019
Mo Bamba,Sheck Wes,49,2019
Beautiful People,Ed Sheeran Featuring Khalid,50,2019
Wake Up In The Sky,Gucci Mane X Bruno Mars X Kodak Black,51,2019
Whiskey Glasses,Morgan Wallen,52,2019
God's Country,Blake Shelton,53,2019
Be Alright,Dean Lewis,54,2019
Pure Water,Mustard & Migos,55,2019
The Git Up,Blanco Brown,56,2019
Taki Taki,"DJ Snake Featuring Selena Gomez, Ozuna & Cardi B",57,2019
Close To Me,Ellie Goulding X Diplo Featuring Swae Lee,58,2019
Envy Me,Calboy,59,2019
You Say,Lauren Daigle,60,2019
"Hey Look Ma, I Made It",Panic! At The Disco,61,2019
Circles,Post Malone,62,2019
Beer Never Broke My Heart,Luke Combs,63,2019
The London,"Young Thug, J. Cole & Travis Scott",64,2019
Con Calma,Daddy Yankee & Katy Perry Featuring Snow,65,2019
Murder On My Mind,YNW Melly,66,2019
When The Party's Over,Billie Eilish,67,2019
Act Up,City Girls,68,2019
I Like It,"Cardi B, Bad Bunny & J Balvin",69,2019
Trampoline,SHAED,70,2019
Leave Me Alone,Flipp Dinero,71,2019
Breathin,Ariana Grande,72,2019
Bury A Friend,Billie Eilish,73,2019
Close Friends,Lil Baby,74,2019
Baby Shark,Pinkfong,75,2019
My Type,Saweetie,76,2019
Worth It,YK Osiris,77,2019
Only Human ,Jonas Brothers,78,2019
Knockin' Boots,Luke Bryan,79,2019
Trip,Ella Mai,80,2019
Rumor,Lee Brice,81,2019
Swervin,A Boogie Wit da Hoodie Featuring 6ix9ine,82,2019
How Do You Sleep?,Sam Smith,83,2019
 Baby,Lil Baby & DaBaby,84,2019
Look What God Gave Her,Thomas Rhett,85,2019
Good As You,Kane Brown,86,2019
Clout,Offset Featuring Cardi B,87,2019
Love Lies,Khalid & Normani,88,2019
One Thing Right,Marshmello & Kane Brown,89,2019
Cash Shit,Megan Thee Stallion Featuring DaBaby,90,2019
Tequila,Dan + Shay,91,2019
Shotta Flow,NLE Choppa,92,2019
Hot Girl Summer,"Megan Thee Stallion, Nicki Minaj & Ty Dolla $ign",93,2019
Talk You Out Of It,Florida Georgia Line,94,2019
Beautiful,Bazzi Featuring Camila Cabello,95,2019
Eyes On You,Chase Rice,96,2019
All To Myself,Dan + Shay,97,2019
Boyfriend,Ariana Grande & Social House,98,2019
Walk Me Home,P!nk,99,2019
Robbery,Juice WRLD,100,2019
 Blinding Lights,The Weeknd,1,2020
Circles,Post Malone,2,2020
The Box,Roddy Ricch,3,2020
Don't Start Now,Dua Lipa ,4,2020
Rockstar,DaBaby Featuring Roddy Ricch,5,2020
Adore You,Harry Styles,6,2020
Life Is Good,Future Featuring Drake,7,2020
Memories,Maroon 5,8,2020
The Bones,Maren Morris,9,2020
Someone You Loved,Lewis Capaldi,10,2020
Say So,Doja Cat,11,2020
I Hope,Gabby Barrett Featuring Charlie Puth,12,2020
Whats Poppin,"Jack Harlow Featuring DaBaby, Tory Lanez & Lil Wayne",13,2020
Dance Monkey,Tones And I,14,2020
Savage,Megan Thee Stallion,15,2020
Roxanne,Arizona Zervas,16,2020
Intentions,Justin Bieber Featuring Quavo,17,2020
Everything I Wanted,Billie Eilish,18,2020
Roses,SAINt JHN,19,2020
Watermelon Sugar,Harry Styles,20,2020
Before You Go,Lewis Capaldi,21,2020
Falling,Trevor Daniel,22,2020
"10,000 Hours",Dan + Shay & Justin Bieber,23,2020
WAP,Cardi B Featuring Megan Thee Stallion,24,2020
Ballin',Mustard & Roddy Ricch,25,2020
Hot Girl Bummer,blackbear,26,2020
Blueberry Faygo,Lil Mosey,27,2020
Heartless,The Weeknd,28,2020
BOP,DaBaby,29,2020
Lose You To Love Me,Selena Gomez,30,2020
Good As Hell,Lizzo,31,2020
Toosie Slide ,Drake,32,2020
Break My Heart,Dua Lipa,33,2020
Chasin' You,Morgan Wallen,34,2020
Savage Love (Laxed - Siren Beat), Jawsh 685 x Jason Derulo,35,2020
No Guidance,Chris Brown Featuring Drake,36,2020
My Oh My,Camila Cabello Featuring DaBaby,37,2020
Dynamite,BTS,38,2020
Go Crazy,Chris Brown & Young Thug,39,2020
High Fashion,Roddy Ricch Featuring Mustard,40,2020
Laugh Now Cry Later,Drake Featuring Lil Durk,41,2020
Woah,Lil Baby,42,2020
Death Bed,Powfu Featuring beabadoobee,43,2020
Senorita,Shawn Mendes & Camila Cabello,44,2020
HIGHEST IN THE ROOM,Travis Scott,45,2020
Bad Guy,Billie Eilish,46,2020
Mood,24kGoldn Featuring iann dior,47,2020
Rain On Me,Lady Gaga & Ariana Grande,48,2020
For The Night,Pop Smoke Featuring Lil Baby & DaBaby,49,2020
RITMO (Bad Boys For Life),Black Eyed Peas X J Balvin,50,2020
Heart On Ice,Rod Wave,51,2020
Nobody But You,Blake Shelton Duet With Gwen Stefani,52,2020
Trampoline,SHAED,53,2020
Come & Go,Juice WRLD x Marshmello,54,2020
Truth Hurts,Lizzo,55,2020
If The World Was Ending,JP Saxe Featuring Julia Michaels,56,2020
We Paid,Lil Baby & 42 Dugg,57,2020
Yummy,Justin Bieber,58,2020
One Man Band,Old Dominion,59,2020
Got What I Got,Jason Aldean,60,2020
Sunday Best,Surfaces,61,2020
Godzilla,Eminem Featuring Juice WRLD,62,2020
Bandit,Juice WRLD & YoungBoy Never Broke Again,63,2020
Party Girl,StaySolidRocky,64,2020
Die From A Broken Heart,Maddie & Tae,65,2020
Popstar,DJ Khaled Featuring Drake,66,2020
All I Want For Christmas Is You,Mariah Carey,67,2020
One Of Them Girls,Lee Brice,68,2020
Hard To Forget,Sam Hunt,69,2020
One Margarita,Luke Bryan,70,2020
Panini,Lil Nas X,71,2020
Hot,Young Thug Featuring Gunna,72,2020
I Hope You're Happy Now,Carly Pearce & Lee Brice,73,2020
Emotionally Scarred,Lil Baby,74,2020
Suicidal, YNW Melly & Juice WRLD,75,2020
The Bigger Picture,Lil Baby,76,2020
Only Human,Jonas Brothers,77,2020
The Woo,Pop Smoke Featuring 50 Cent & Roddy Ricch,78,2020
Sum 2 Prove,Lil Baby,79,2020
Stuck With U,Ariana Grande & Justin Bieber,80,2020
Mood Swings,Pop Smoke Featuring Lil Tjay,81,2020
You Should Be Sad,Halsey,82,2020
Dior,Pop Smoke,83,2020
Supalonely,BENEE Featuring Gus Dapperton,84,2020
Even Though I'm Leaving,Luke Combs,85,2020
The Scotts,"THE SCOTTS, Travis Scott & Kid Cudi",86,2020
Juicy,Doja Cat & Tyga,87,2020
Be Like That,Kane Brown With Swae Lee & Khalid,88,2020
Homesick,Kane Brown,89,2020
Rags2Riches,Rod Wave Featuring ATR Son Son,90,2020
Bluebird,Miranda Lambert,91,2020
Wishing Well,Juice WRLD,92,2020
Does To Me,Luke Combs Featuring Eric Church,93,2020
P*$$y Fairy (OTW),Jhene Aiko,94,2020
ily,Surf Mesa Featuring Emilee,95,2020
More Than My Hometown,Morgan Wallen,96,2020
Lovin' On You,Luke Combs,97,2020
Said Sum, Moneybagg Yo,98,2020
Slide,H.E.R. Featuring YG,99,2020
Walk Em Down,NLE Choppa Featuring Roddy Ricch,100,2020
