title,artists,rank,year,first_artist,title_fmtd
TiK ToK,Ke$ha,1,2010,kesha,tik tok
Need You Now,Lady Antebellum,2,2010,lady antebellum,need you now
"Hey, Soul Sister",Train,3,2010,train,hey soul sister
California Gurls,Katy Perry Featuring Snoop Dogg,4,2010,katy perry,california gurls
OMG,Usher Featuring will.i.am,5,2010,usher,omg
Airplanes,B.o.B Featuring Hayley Williams,6,2010,bob,airplanes
Love The Way You Lie,Eminem Featuring Rihanna,7,2010,eminem,love the way you lie
Bad Romance,Lady Gaga,8,2010,lady gaga,bad romance
Dynamite,Taio Cruz,9,2010,taio cruz,dynamite
Break Your Heart,Taio Cruz Featuring Ludacris,10,2010,taio cruz,break your heart
Nothin' On You,B.o.B Featuring Bruno Mars,11,2010,bob,nothin on you
I Like It,Enrique Iglesias Featuring Pitbull,12,2010,enrique iglesias,i like it
BedRock,Young Money Featuring Lloyd,13,2010,young money,bedrock
In My Head,Jason Derulo,14,2010,jason derulo,in my head
Rude Boy,Rihanna,15,2010,rihanna,rude boy
Telephone,Lady Gaga Featuring Beyonce,16,2010,lady gaga,telephone
Teenage Dream,Katy Perry,17,2010,katy perry,teenage dream
Just The Way You Are,Bruno Mars,18,2010,bruno mars,just the way you are
Cooler Than Me,Mike Posner,19,2010,mike posner,cooler than me
Imma Be,The Black Eyed Peas,20,2010,the black eyed peas,imma be
Empire State Of Mind,Jay-Z + Alicia Keys,21,2010,jay z,empire state of mind
DJ Got Us Fallin' In Love,Usher Featuring Pitbull,22,2010,usher,dj got us fallin in love
Billionaire,Travie McCoy Featuring Bruno Mars,23,2010,travie mccoy,billionaire
Not Afraid,Eminem,24,2010,eminem,not afraid
Replay,Iyaz ,25,2010,iyaz,replay
Sexy Chick,David Guetta Featuring Akon,26,2010,david guetta,sexy chick
Breakeven,The Script,27,2010,the script,breakeven
Your Love Is My Drug,Ke$ha,28,2010,kesha,your love is my drug
I Gotta Feeling,The Black Eyed Peas,29,2010,the black eyed peas,i gotta feeling
Fireflies,Owl City,30,2010,owl city,fireflies
Say Aah,Trey Songz Featuring Fabolous,31,2010,trey songz,say aah
Find Your Love,Drake,32,2010,drake,find your love
 Alejandro,Lady Gaga,33,2010,lady gaga, alejandro
Ridin' Solo,Jason Derulo,34,2010,jason derulo,ridin solo
Just A Dream,Nelly,35,2010,nelly,just a dream
How Low,Ludacris,36,2010,ludacris,how low
Like A G6,Far*East Movement Featuring Cataracs & Dev,37,2010,far east movement,like a g6
Carry Out,Timbaland Featuring Justin Timberlake,38,2010,timbaland,carry out
Haven't Met You Yet,Michael Buble,39,2010,michael buble,havent met you yet
Club Can't Handle Me,Flo Rida Featuring David Guetta,40,2010,flo rida,club cant handle me
Down, Jay Sean Featuring Lil Wayne,41,2010,jay sean,down
Bulletproof,La Roux,42,2010,la roux,bulletproof
Whatcha Say,Jason Derulo,43,2010,jason derulo,whatcha say
Baby,Justin Bieber Featuring Ludacris,44,2010,justin bieber,baby
Whataya Want From Me,Adam Lambert,45,2010,adam lambert,whataya want from me
Mine,Taylor Swift,46,2010,taylor swift,mine
Only Girl (In The World),Rihanna,47,2010,rihanna,only girl in the world
Live Like We're Dying,Kris Allen,48,2010,kris allen,live like were dying
Hard,Rihanna Featuring Jeezy,49,2010,rihanna,hard
Young Forever,Jay-Z + Mr. Hudson,50,2010,jay z,young forever
Blah Blah Blah,Ke$ha Featuring 3OH!3,51,2010,kesha,blah blah blah
Bottoms Up,Trey Songz Featuring Nicki Minaj,52,2010,trey songz,bottoms up
Do You Remember,Jay Sean Featuring Sean Paul & Lil Jon,53,2010,jay sean,do you remember
All The Right Moves,OneRepublic,54,2010,onerepublic,all the right moves
According To You,Orianthi,55,2010,orianthi,according to you
My Chick Bad,Ludacris Featuring Nicki Minaj,56,2010,ludacris,my chick bad
You Belong With Me,Taylor Swift,57,2010,taylor swift,you belong with me
Meet Me Halfway,The Black Eyed Peas,58,2010,the black eyed peas,meet me halfway
Take It Off,Ke$ha,59,2010,kesha,take it off
Over,Drake,60,2010,drake,over
Animal,Neon Trees,61,2010,neon trees,animal
Misery,Maroon 5,62,2010,maroon 5,misery
Magic,B.o.B Featuring Rivers Cuomo,63,2010,bob,magic
Paparazzi,Lady Gaga,64,2010,lady gaga,paparazzi
Tie Me Down,New Boyz Featuring Ray J,65,2010,new boyz,tie me down
Your Love,Nicki Minaj,66,2010,nicki minaj,your love
Party In The U.S.A.,Miley Cyrus,67,2010,miley cyrus,party in the usa
Deuces,Chris Brown Featuring Tyga & Kevin McCall,68,2010,chris brown,deuces
3,Britney Spears,69,2010,britney spears,3
Impossible,Shontelle,70,2010,shontelle,impossible
Forever,"Drake Featuring Kanye West, Lil Wayne & Eminem",71,2010,drake,forever
Two Is Better Than One,Boys Like Girls Featuring Taylor Swift,72,2010,boys like girls,two is better than one
My First Kiss,3OH!3 Featuring Ke$ha,73,2010,3oh 3,my first kiss
Already Gone,Kelly Clarkson,74,2010,kelly clarkson,already gone
Rock That Body,The Black Eyed Peas,75,2010,the black eyed peas,rock that body
Secrets,OneRepublic,76,2010,onerepublic,secrets
Naturally,Selena Gomez & The Scene,77,2010,selena gomez,naturally
Un-Thinkable (I'm Ready),Alicia Keys,78,2010,alicia keys,un-thinkable im ready
All I Do Is Win,"DJ Khaled Featuring T-Pain, Ludacris, Snoop Dogg & Rick Ross",79,2010,dj khaled,all i do is win
I Made It (Cash Money Heroes),"Kevin Rudolf Featuring Birdman, Jay Sean, & Lil Wayne",80,2010,kevin rudolf,i made it cash money heroes
Stuck Like Glue,Sugarland,81,2010,sugarland,stuck like glue
Hey Daddy (Daddy's Home),Usher Featuring Plies,82,2010,usher,hey daddy daddys home
There Goes My Baby,Usher,83,2010,usher,there goes my baby
Today Was A Fairytale,Taylor Swift,84,2010,taylor swift,today was a fairytale
Say Something,Timbaland Featuring Drake,85,2010,timbaland,say something
Sweet Dreams ,Beyonce,86,2010,beyonce,sweet dreams 
Use Somebody,Kings Of Leon,87,2010,kings of leon,use somebody
Undo It,Carrie Underwood,88,2010,carrie underwood,undo it
Eenie Meenie,Sean Kingston & Justin Bieber,89,2010,sean kingston,eenie meenie
Right Above It,Lil Wayne Featuring Drake,90,2010,lil wayne,right above it
The House That Built Me,Miranda Lambert,91,2010,miranda lambert,the house that built me
If I Die Young,The Band Perry,92,2010,the band perry,if i die young
The Only Exception,Paramore,93,2010,paramore,the only exception
American Honey,Lady Antebellum,94,2010,lady antebellum,american honey
King Of Anything,Sara Bareilles,95,2010,sara bareilles,king of anything
Life After You,Daughtry,96,2010,daughtry,life after you
Smile,Uncle Kracker,97,2010,uncle kracker,smile
Teach Me How To Dougie,Cali Swag District,98,2010,cali swag district,teach me how to dougie
Try Sleeping With A Broken Heart,Alicia Keys,99,2010,alicia keys,try sleeping with a broken heart
"Lover, Lover",Jerrod Niemann,100,2010,jerrod niemann,lover lover
Rolling In The Deep,Adele,1,2011,adele,rolling in the deep
Party Rock Anthem,LMFAO Featuring Lauren Bennett & GoonRock,2,2011,lmfao,party rock anthem
Firework, Katy Perry,3,2011,katy perry,firework
E.T.,Katy Perry Featuring Kanye West,4,2011,katy perry,et
Give Me Everything,"Pitbull Featuring Ne-Yo, Afrojack & Nayer",5,2011,pitbull,give me everything
Grenade,Bruno Mars,6,2011,bruno mars,grenade
Super Bass,Nicki Minaj,8,2011,nicki minaj,super bass
Moves Like Jagger,Maroon 5 Featuring Christina Aguilera,9,2011,maroon 5,moves like jagger
Just Can't Get Enough,The Black Eyed Peas,10,2011,the black eyed peas,just cant get enough
On The Floor,Jennifer Lopez Featuring Pitbull,11,2011,jennifer lopez,on the floor
S&M,Rihanna,12,2011,rihanna,s-m
Pumped Up Kicks,Foster The People,13,2011,foster the people,pumped up kicks
Last Friday Night (T.G.I.F.),Katy Perry,14,2011,katy perry,last friday night tgif
Just The Way You Are,Bruno Mars,15,2011,bruno mars,just the way you are
Tonight (I'm Lovin' You),Enrique Iglesias Featuring Ludacris & DJ Frank E,16,2011,enrique iglesias,tonight im lovin you
Raise Your Glass,P!nk,17,2011,pink,raise your glass
Born This Way,Lady Gaga,18,2011,lady gaga,born this way
F**kin' Perfect,P!nk,19,2011,pink,f**kin perfect
What's My Name?,Rihanna Featuring Drake,20,2011,rihanna,whats my name
Look At Me Now,Chris Brown Featuring Lil Wayne & Busta Rhymes,21,2011,chris brown,look at me now
Down On Me,Jeremih Featuring 50 Cent,22,2011,jeremih,down on me
How To Love,Lil Wayne,23,2011,lil wayne,how to love
Someone Like You,Adele,24,2011,adele,someone like you
Good Life,OneRepublic,25,2011,onerepublic,good life
The Lazy Song,Bruno Mars,26,2011,bruno mars,the lazy song
Till The World Ends,Britney Spears,27,2011,britney spears,till the world ends
The Show Goes On,Lupe Fiasco,28,2011,lupe fiasco,the show goes on
The Edge Of Glory,Lady Gaga,29,2011,lady gaga,the edge of glory
We R Who We R,Ke$ha,30,2011,kesha,we r who we r
Black And Yellow,Wiz Khalifa,31,2011,wiz khalifa,black and yellow
Tonight Tonight,Hot Chelle Rae,32,2011,hot chelle rae,tonight tonight
Blow,Ke$ha,33,2011,kesha,blow
Lighters,Bad Meets Evil Featuring Bruno Mars,34,2011,bad meets evil,lighters
If I Die Young,The Band Perry,35,2011,the band perry,if i die young
Stereo Hearts,Gym Class Heroes Featuring Adam Levine,36,2011,gym class heroes,stereo hearts
The Time (Dirty Bit),The Black Eyed Peas,37,2011,the black eyed peas,the time dirty bit
Coming Home,Diddy - Dirty Money Featuring Skylar Grey,38,2011,diddy  dirty money,coming home
Hey Baby (Drop It To The Floor),Pitbull Featuring T-Pain,39,2011,pitbull,hey baby drop it to the floor
Only Girl (In The World),Rihanna,40,2011,rihanna,only girl in the world
6 Foot 7 Foot,Lil Wayne Featuring Cory Gunz,41,2011,lil wayne,6 foot 7 foot
Just A Kiss,Lady Antebellum,42,2011,lady antebellum,just a kiss
Dirt Road Anthem,Jason Aldean,43,2011,jason aldean,dirt road anthem
Dynamite,Taio Cruz,44,2011,taio cruz,dynamite
No Hands,Waka Flocka Flame Featuring Roscoe Dash & Wale,45,2011,waka flocka flame,no hands
I Wanna Go,Britney Spears,46,2011,britney spears,i wanna go
I'm On One,"DJ Khaled Featuring Drake, Rick Ross & Lil Wayne",47,2011,dj khaled,im on one
You Make Me Feel...,Cobra Starship Featuring Sabi,48,2011,cobra starship,you make me feel
Yeah 3X,Chris Brown,49,2011,chris brown,yeah 3x
Moment 4 Life,Nicki Minaj Featuring Drake,50,2011,nicki minaj,moment 4 life
I Need A Doctor,Dr. Dre Featuring Eminem & Skylar Grey,51,2011,dr dre,i need a doctor
Just A Dream ,Nelly,52,2011,nelly,just a dream 
Motivation,Kelly Rowland Featuring Lil Wayne,53,2011,kelly rowland,motivation
Stereo Love,Edward Maya & Vika Jigulina,54,2011,edward maya,stereo love
Jar Of Hearts,Christina Perri,55,2011,christina perri,jar of hearts
Roll Up,Wiz Khalifa,56,2011,wiz khalifa,roll up
Sexy And I Know It,LMFAO,57,2011,lmfao,sexy and i know it
Rocketeer,Far*East Movement Featuring Ryan Tedder,58,2011,far east movement,rocketeer
All Of The Lights,Kanye West,59,2011,kanye west,all of the lights
Hold It Against Me,Britney Spears,60,2011,britney spears,hold it against me
More,Usher,61,2011,usher,more
What The Hell,Avril Lavigne,62,2011,avril lavigne,what the hell
Written In The Stars,Tinie Tempah Featuring Eric Turner,63,2011,tinie tempah,written in the stars
Bottoms Up,Trey Songz Featuring Nicki Minaj,64,2011,trey songz,bottoms up
DJ Got Us Fallin' In Love,Usher Featuring Pitbull,65,2011,usher,dj got us fallin in love
For The First Time,The Script,66,2011,the script,for the first time
Honey Bee,Blake Shelton,67,2011,blake shelton,honey bee
Don't You Wanna Stay,Jason Aldean With Kelly Clarkson,68,2011,jason aldean,dont you wanna stay
We Found Love,Rihanna Featuring Calvin Harris,69,2011,rihanna,we found love
Pretty Girl Rock,Keri Hilson,70,2011,keri hilson,pretty girl rock
You And I,Lady Gaga,71,2011,lady gaga,you and i
Like A G6,Far*East Movement Featuring Cataracs & Dev,72,2011,far east movement,like a g6
Without You,David Guetta Featuring Usher,73,2011,david guetta,without you
Back To December,Taylor Swift,74,2011,taylor swift,back to december
Teenage Dream,Katy Perry,75,2011,katy perry,teenage dream
Crazy Girl,Eli Young Band,76,2011,eli young band,crazy girl
Cheers (Drink To That),Rihanna,77,2011,rihanna,cheers drink to that
Who Says,Selena Gomez & The Scene,78,2011,selena gomez,who says
Barefoot Blue Jean Night,Jake Owen,79,2011,jake owen,barefoot blue jean night
Knee Deep,Zac Brown Band Featuring Jimmy Buffett,80,2011,zac brown band,knee deep
Country Girl (Shake It For Me),Luke Bryan,81,2011,luke bryan,country girl shake it for me
Remind Me,Brad Paisley Duet With Carrie Underwood,82,2011,brad paisley duet,remind me
In The Dark,Dev,83,2011,dev,in the dark
Backseat,New Boyz Featuring The Cataracs & Dev,84,2011,new boyz,backseat
Headlines,Drake,85,2011,drake,headlines
Best Thing I Never Had,Beyonce,86,2011,beyonce,best thing i never had
Don't Wanna Go Home,Jason Derulo,87,2011,jason derulo,dont wanna go home
Where Them Girls At,David Guetta Featuring Flo Rida & Nicki Minaj,88,2011,david guetta,where them girls at
She Ain't You,Chris Brown,89,2011,chris brown,she aint you
Take A Back Road,Rodney Atkins,90,2011,rodney atkins,take a back road
Please Don't Go,Mike Posner,91,2011,mike posner,please dont go
Sure Thing,Miguel,92,2011,miguel,sure thing
Price Tag,Jessie J Featuring B.o.B,93,2011,jessie j,price tag
God Gave Me You,Blake Shelton,94,2011,blake shelton,god gave me you
She Will ,Lil Wayne Featuring Drake,95,2011,lil wayne,she will 
Are You Gonna Kiss Me Or Not,Thompson Square,96,2011,thompson square,are you gonna kiss me or not
Animal,Neon Trees,97,2011,neon trees,animal
You And Tequila,Kenny Chesney Featuring Grace Potter,98,2011,kenny chesney,you and tequila
Colder Weather,Zac Brown Band,99,2011,zac brown band,colder weather
My Last,Big Sean Featuring Chris Brown,100,2011,big sean,my last
Somebody That I Used To Know,Gotye Featuring Kimbra,1,2012,gotye,somebody that i used to know
Call Me Maybe,Carly Rae Jepsen,2,2012,carly rae jepsen,call me maybe
We Are Young,fun. Featuring Janelle Monae,3,2012,fun,we are young
Payphone,Maroon 5 Featuring Wiz Khalifa,4,2012,maroon 5,payphone
Lights,Ellie Goulding,5,2012,ellie goulding,lights
Glad You Came,The Wanted,6,2012,the wanted,glad you came
Stronger (What Doesn't Kill You),Kelly Clarkson,7,2012,kelly clarkson,stronger what doesnt kill you
We Found Love,Rihanna Featuring Calvin Harris,8,2012,rihanna,we found love
Starships,Nicki Minaj,9,2012,nicki minaj,starships
What Makes You Beautiful,One Direction,10,2012,one direction,what makes you beautiful
Wild Ones,Flo Rida Featuring Sia,11,2012,flo rida,wild ones
Set Fire To The Rain,Adele,12,2012,adele,set fire to the rain
Sexy And I Know It,LMFAO,13,2012,lmfao,sexy and i know it
Some Nights,fun.,14,2012,fun,some nights
Wide Awake,Katy Perry,15,2012,katy perry,wide awake
Good Feeling,Flo Rida,16,2012,flo rida,good feeling
Whistle,Flo Rida,17,2012,flo rida,whistle
One More Night,Maroon 5,18,2012,maroon 5,one more night
Drive By,Train,19,2012,train,drive by
The Motto,Drake Featuring Lil Wayne,20,2012,drake,the motto
Where Have You Been,Rihanna,21,2012,rihanna,where have you been
Everybody Talks,Neon Trees,22,2012,neon trees,everybody talks
Take Care,Drake Featuring Rihanna,23,2012,drake,take care
Titanium,David Guetta Featuring Sia,24,2012,david guetta,titanium
I Won't Give Up,Jason Mraz,25,2012,jason mraz,i wont give up
It Will Rain,Bruno Mars,26,2012,bruno mars,it will rain
Mercy,"Kanye West, Big Sean, Pusha T, 2 Chainz",27,2012,"kanye west, big sean, pusha t, 2 chainz",mercy
Boyfriend,Justin Bieber,28,2012,justin bieber,boyfriend
Party Rock Anthem,LMFAO Featuring Lauren Bennett & GoonRock,29,2012,lmfao,party rock anthem
Too Close,Alex Clare,30,2012,alex clare,too close
Part Of Me,Katy Perry,31,2012,katy perry,part of me
" Young, Wild & Free",Snoop Dogg & Wiz Khalifa Featuring Bruno Mars,32,2012,snoop dogg, young wild and free
We Are Never Ever Getting Back Together,Taylor Swift,33,2012,taylor swift,we are never ever getting back together
As Long As You Love Me,Justin Bieber Featuring Big Sean,34,2012,justin bieber,as long as you love me
Turn Me On,David Guetta Featuring Nicki Minaj,35,2012,david guetta,turn me on
Moves Like Jagger,Maroon 5 Featuring Christina Aguilera,36,2012,maroon 5,moves like jagger
Blow Me (One Last Kiss),P!nk,37,2012,pink,blow me one last kiss
Good Time,Owl City & Carly Rae Jepsen,38,2012,owl city,good time
Give Your Heart A Break,Demi Lovato,39,2012,demi lovato,give your heart a break
Ni**as in Paris,Jay Z Kanye West,40,2012,jay z kanye west,ni**as in paris
The One That Got Away,Katy Perry,41,2012,katy perry,the one that got away
Feel So Close,Calvin Harris,42,2012,calvin harris,feel so close
Someone Like You,Adele,43,2012,adele,someone like you
Scream,Usher,44,2012,usher,scream
Rack City,Tyga,45,2012,tyga,rack city
Domino,Jessie J,46,2012,jessie j,domino
Gangnam Style,PSY,47,2012,psy,gangnam style
International Love,Pitbull Featuring Chris Brown,48,2012,pitbull,international love
Home,Phillip Phillips,49,2012,phillip phillips,home
Without You,David Guetta Featuring Usher,50,2012,david guetta,without you
Ass Back Home,Gym Class Heroes Featuring Neon Hitch,51,2012,gym class heroes,ass back home
Wanted,Hunter Hayes,52,2012,hunter hayes,wanted
Drunk On You,Luke Bryan,53,2012,luke bryan,drunk on you
No Lie,2 Chainz Featuring Drake,54,2012,2 chainz,no lie
Want U Back,Cher Lloyd,55,2012,cher lloyd,want u back
Don't Wake Me Up,Chris Brown,56,2012,chris brown,dont wake me up
Dance (A$$),Big Sean Featuring Nicki Minaj,57,2012,big sean,dance a$$
Springsteen,Eric Church,58,2012,eric church,springsteen
Brokenhearted,Karmin,59,2012,karmin,brokenhearted
Not Over You,Gavin DeGraw,60,2012,gavin degraw,not over you
Stereo Hearts,Gym Class Heroes Featuring Adam Levine,61,2012,gym class heroes,stereo hearts
Back In Time,Pitbull,62,2012,pitbull,back in time
Work Out,J. Cole,63,2012,j cole,work out
Rumour Has It,Adele,64,2012,adele,rumour has it
Let's Go,Calvin Harris Featuring Ne-Yo,65,2012,calvin harris,lets go
Good Girl,Carrie Underwood,66,2012,carrie underwood,good girl
Pontoon,Little Big Town,67,2012,little big town,pontoon
Ho Hey,The Lumineers,68,2012,the lumineers,ho hey
Paradise,Coldplay,69,2012,coldplay,paradise
Blown Away,Carrie Underwood,70,2012,carrie underwood,blown away
Rolling In The Deep,Adele,71,2012,adele,rolling in the deep
Climax,Usher,72,2012,usher,climax
"Work Hard, Play Hard",Wiz Khalifa,73,2012,wiz khalifa,work hard play hard
Let Me Love You (Until You Learn To Love Yourself),Ne-Yo,74,2012,ne yo,let me love you until you learn to love yourself
Pound The Alarm,Nicki Minaj,75,2012,nicki minaj,pound the alarm
Come Over,Kenny Chesney,76,2012,kenny chesney,come over
Heart Attack,Trey Songz,77,2012,trey songz,heart attack
Drank In My Cup,Kirko Bangz,78,2012,kirko bangz,drank in my cup
Birthday Cake,Rihanna Featuring Chris Brown,79,2012,rihanna,birthday cake
So Good,B.o.B,80,2012,bob,so good
50 Ways To Say Goodbye,Train,81,2012,train,50 ways to say goodbye
Red Solo Cup,Toby Keith,82,2012,toby keith,red solo cup
Love You Like A Love Song,Selena Gomez & The Scene,83,2012,selena gomez,love you like a love song
Turn Up The Music,Chris Brown,84,2012,chris brown,turn up the music
Die Young,Ke$ha,85,2012,kesha,die young
5 O'Clock,T-Pain Featuring Wiz Khalifa & Lily Allen,86,2012,t pain,5 oclock
A Thousand Years,Christina Perri,87,2012,christina perri,a thousand years
Take A Little Ride,Jason Aldean,88,2012,jason aldean,take a little ride
You Da One,Rihanna,89,2012,rihanna,you da one
We Run The Night,Havana Brown Featuring Pitbull,90,2012,havana brown,we run the night
It's Time,Imagine Dragons,91,2012,imagine dragons,its time
Cashin' Out,Ca$h Out,92,2012,cash out,cashin out
I Don't Want This Night To End,Luke Bryan,93,2012,luke bryan,i dont want this night to end
Diamonds,Rihanna,94,2012,rihanna,diamonds
Hard To Love,Lee Brice,95,2012,lee brice,hard to love
Somethin' 'Bout A Truck,Kip Moore,96,2012,kip moore,somethin bout a truck
Adorn,Miguel,97,2012,miguel,adorn
Fly Over States,Jason Aldean,98,2012,jason aldean,fly over states
Even If It Breaks Your Heart,Eli Young Band,99,2012,eli young band,even if it breaks your heart
Burn It Down,Linkin Park,100,2012,linkin park,burn it down
Thrift Shop,Macklemore & Ryan Lewis Featuring Wanz,1,2013,macklemore,thrift shop
Blurred Lines,Robin Thicke Featuring T.I. + Pharrell,2,2013,robin thicke,blurred lines
Radioactive,Imagine Dragons,3,2013,imagine dragons,radioactive
Harlem Shake,Baauer,4,2013,baauer,harlem shake
Can't Hold Us,Macklemore & Ryan Lewis Featuring Ray Dalton,5,2013,macklemore,cant hold us
Mirrors,Justin Timberlake,6,2013,justin timberlake,mirrors
Just Give Me A Reason,P!nk Featuring Nate Ruess,7,2013,pink,just give me a reason
When I Was Your Man,Bruno Mars,8,2013,bruno mars,when i was your man
Cruise,Florida Georgia Line Featuring Nelly,9,2013,florida georgia line,cruise
Roar,Katy Perry,10,2013,katy perry,roar
Locked Out Of Heaven,Bruno Mars,11,2013,bruno mars,locked out of heaven
Ho Hey,The Lumineers,12,2013,the lumineers,ho hey
Stay,Rihanna Featuring Mikky Ekko,13,2013,rihanna,stay
Get Lucky,Daft Punk Featuring Pharrell Williams,14,2013,daft punk,get lucky
Royals,Lorde,15,2013,lorde,royals
I Knew You Were Trouble.,Taylor Swift,16,2013,taylor swift,i knew you were trouble
We Can't Stop,Miley Cyrus,17,2013,miley cyrus,we cant stop
Wrecking Ball,Miley Cyrus,18,2013,miley cyrus,wrecking ball
Wake Me Up!,Avicii,19,2013,avicii,wake me up
Suit & Tie,Justin Timberlake Featuring JAY Z,20,2013,justin timberlake,suit and tie
Cups (Pitch Perfect's When I'm Gone),Anna Kendrick,21,2013,anna kendrick,cups pitch perfects when im gone
Holy Grail,Jay Z Featuring Justin Timberlake,22,2013,jay z,holy grail
Scream & Shout,will.i.am & Britney Spears,23,2013,william,scream and shout
Clarity,Zedd Featuring Foxes,24,2013,zedd,clarity
Sail,AWOLNATION,25,2013,awolnation,sail
Don't You Worry Child,Swedish House Mafia Featuring John Martin,26,2013,swedish house mafia,dont you worry child
Diamonds,Rihanna,27,2013,rihanna,diamonds
I Love It,Icona Pop Featuring Charli XCX,28,2013,icona pop,i love it
Safe And Sound,Capital Cities,29,2013,capital cities,safe and sound
Treasure,Bruno Mars,30,2013,bruno mars,treasure
The Way,Ariana Grande Featuring Mac Miller,31,2013,ariana grande,the way
Started From The Bottom,Drake,32,2013,drake,started from the bottom
Come & Get It,Selena Gomez,33,2013,selena gomez,come and get it
"Hold On, We're Going Home",Drake Featuring Majid Jordan,34,2013,drake,hold on were going home
Daylight,Maroon 5,35,2013,maroon 5,daylight
Feel This Moment,Pitbull Featuring Christina Aguilera,36,2013,pitbull,feel this moment
Applause,Lady Gaga,37,2013,lady gaga,applause
One More Night,Maroon 5,38,2013,maroon 5,one more night
Love Me,Lil Wayne Featuring Drake & Future,39,2013,lil wayne,love me
My Songs Know What You Did In The Dark (Light Em Up),Fall Out Boy,40,2013,fall out boy,my songs know what you did in the dark light em up
F**kin Problems,"A$AP Rocky Featuring Drake, 2 Chainz & Kendrick Lamar",41,2013,asap rocky,f**kin problems
Beauty And A Beat,Justin Bieber Featuring Nicki Minaj,42,2013,justin bieber,beauty and a beat
Same Love,Macklemore & Ryan Lewis Featuring Mary Lambert,43,2013,macklemore,same love
Sweet Nothing,Calvin Harris Featuring Florence Welch,44,2013,calvin harris,sweet nothing
Summertime Sadness,Lana Del Rey & Cedric Gervais,45,2013,lana del rey,summertime sadness
 Home,Phillip Phillips,46,2013,phillip phillips, home
It's Time,Imagine Dragons,47,2013,imagine dragons,its time
Power Trip,J. Cole Featuring Miguel,48,2013,j cole,power trip
Girl On Fire,Alicia Keys Featuring Nicki Minaj,49,2013,alicia keys,girl on fire
Heart Attack,Demi Lovato,50,2013,demi lovato,heart attack
Love Somebody,Maroon 5,51,2013,maroon 5,love somebody
I Will Wait,Mumford & Sons,52,2013,mumford,i will wait
Try,P!nk,53,2013,pink,try
Wagon Wheel,Darius Rucker,54,2013,darius rucker,wagon wheel
Gangnam Style,PSY,55,2013,psy,gangnam style
I Need Your Love,Calvin Harris Featuring Ellie Goulding,56,2013,calvin harris,i need your love
Die Young,Ke$ha,57,2013,kesha,die young
Some Nights,fun.,58,2013,fun,some nights
Bad,Wale Featuring Tiara Thomas Or Rihanna,59,2013,wale,bad
Boys 'round Here,Blake Shelton Featuring Pistol Annies & Friends,60,2013,blake shelton,boys round here
"Gone, Gone, Gone",Phillip Phillips,61,2013,phillip phillips,gone gone gone
Demons,Imagine Dragons ,62,2013,imagine dragons,demons
Counting Stars,OneRepublic,63,2013,onerepublic,counting stars
I Cry,Flo Rida,64,2013,flo rida,i cry
Little Talks,Of Monsters And Men,65,2013,of monsters and men,little talks
The Other Side,Jason Derulo,66,2013,jason derulo,the other side
Berzerk,Eminem,67,2013,eminem,berzerk
Catch My Breath,Kelly Clarkson,68,2013,kelly clarkson,catch my breath
Crash My Party,Luke Bryan,69,2013,luke bryan,crash my party
Pour It Up,Rihanna,70,2013,rihanna,pour it up
22,Taylor Swift,71,2013,taylor swift,22
I Want Crazy,Hunter Hayes,72,2013,hunter hayes,i want crazy
The Fox,Ylvis,73,2013,ylvis,the fox
Best Song Ever,One Direction,74,2013,one direction,best song ever
The A Team,Ed Sheeran,75,2013,ed sheeran,the a team
Carry On,fun.,76,2013,fun,carry on
Highway Don't Care,Tim McGraw With Taylor Swift,77,2013,tim mcgraw,highway dont care
That's My Kind Of Night,Luke Bryan,78,2013,luke bryan,thats my kind of night
Swimming Pools (Drank),Kendrick Lamar,79,2013,kendrick lamar,swimming pools drank
Sure Be Cool If You Did,Blake Shelton,80,2013,blake shelton,sure be cool if you did
#Beautiful,Mariah Carey Featuring Miguel,81,2013,mariah carey,#beautiful
Troublemaker,Olly Murs Featuring Flo Rida,82,2013,olly murs,troublemaker
Body Party,Ciara,83,2013,ciara,body party
Adorn,Miguel,84,2013,miguel,adorn
Hall Of Fame,The Script Featuring will.i.am,85,2013,the script,hall of fame
Let Me Love You (Until You Learn To Love Yourself),Ne-Yo,86,2013,ne yo,let me love you until you learn to love yourself
U.O.E.N.O.,Rocko Featuring Future & Rick Ross,87,2013,rocko,uoeno
Next To Me,Emeli Sande,88,2013,emeli sande,next to me
Mama's Broken Heart,Miranda Lambert,89,2013,miranda lambert,mamas broken heart
It Goes Like This,Thomas Rhett,90,2013,thomas rhett,it goes like this
Bugatti,Ace Hood Featuring Future & Rick Ross,91,2013,ace hood,bugatti
Wanted,Hunter Hayes,92,2013,hunter hayes,wanted
Downtown,Lady Antebellum,93,2013,lady antebellum,downtown
Get Your Shine On,Florida Georgia Line,94,2013,florida georgia line,get your shine on
#thatPOWER,will.i.am Featuring Justin Bieber,95,2013,william,#thatpower
Brave,Sara Bareilles,96,2013,sara bareilles,brave
Let Her Go,Passenger,97,2013,passenger,let her go
Runnin' Outta Moonlight,Randy Houser,98,2013,randy houser,runnin outta moonlight
I'm Different,2 Chainz,99,2013,2 chainz,im different
 Still Into You,Paramore,100,2013,paramore, still into you
Happy,Pharrell Williams,1,2014,pharrell williams,happy
Dark Horse,Katy Perry Featuring Juicy J,2,2014,katy perry,dark horse
All Of Me,John Legend,3,2014,john legend,all of me
Fancy,Iggy Azalea Featuring Charli XCX,4,2014,iggy azalea,fancy
Counting Stars,OneRepublic,5,2014,onerepublic,counting stars
Talk Dirty,Jason Derulo Featuring 2 Chainz,6,2014,jason derulo,talk dirty
Rude,MAGIC!,7,2014,magic ,rude
All About That Bass,Meghan Trainor,8,2014,meghan trainor,all about that bass
Problem,Ariana Grande Featuring Iggy Azalea,9,2014,ariana grande,problem
Stay With Me,Sam Smith,10,2014,sam smith,stay with me
Timber,Pitbull Featuring Ke$ha,11,2014,pitbull,timber
Pompeii,Bastille,12,2014,bastille,pompeii
Shake It Off,Taylor Swift,13,2014,taylor swift,shake it off
Am I Wrong,Nico & Vinz,14,2014,nico,am i wrong
Turn Down For What,DJ Snake & Lil Jon,15,2014,dj snake,turn down for what
The Monster,Eminem Featuring Rihanna,16,2014,eminem,the monster
Say Something,A Great Big World & Christina Aguilera,17,2014,a great big world,say something
Team,Lorde,18,2014,lorde,team
Let Her Go,Passenger,19,2014,passenger,let her go
Royals,Lorde,20,2014,lorde,royals
Let It Go,Idina Menzel,21,2014,idina menzel,let it go
Wake Me Up!,Avicii,22,2014,avicii,wake me up
Demons,Imagine Dragons,23,2014,imagine dragons,demons
 Story Of My Life,One Direction,24,2014,one direction, story of my life
Chandelier,Sia,25,2014,sia,chandelier
Black Widow,Iggy Azalea Featuring Rita Ora,26,2014,iggy azalea,black widow
Bang Bang,"Jessie J, Ariana Grande & Nicki Minaj",27,2014,"jessie j, ariana grande",bang bang
Latch,Disclosure Featuring Sam Smith,28,2014,disclosure,latch
Maps,Maroon 5,29,2014,maroon 5,maps
Loyal,Chris Brown Featuring Lil Wayne & French Montana Or Too $hort Or Tyga,30,2014,chris brown,loyal
Best Day Of My Life,American Authors,31,2014,american authors,best day of my life
Habits (Stay High),Tove Lo,32,2014,tove lo,habits stay high
Summer,Calvin Harris,33,2014,calvin harris,summer
Boom Clap,Charli XCX,34,2014,charli xcx,boom clap
Drunk In Love,Beyonce Featuring Jay Z,35,2014,beyonce,drunk in love
Anaconda,Nicki Minaj,36,2014,nicki minaj,anaconda
Break Free,Ariana Grande Featuring Zedd,37,2014,ariana grande,break free
Bailando,Enrique Iglesias Featuring Descemer Bueno & Gente de Zona,38,2014,enrique iglesias,bailando
Burn,Ellie Goulding,39,2014,ellie goulding,burn
Wiggle,Jason Derulo Featuring Snoop Dogg,40,2014,jason derulo,wiggle
Rather Be,Clean Bandit Featuring Jess Glynne,41,2014,clean bandit,rather be
Don't Tell 'Em,Jeremih Featuring YG,42,2014,jeremih,dont tell em
Show Me,Kid Ink Featuring Chris Brown,43,2014,kid ink,show me
Wrecking Ball,Miley Cyrus,44,2014,miley cyrus,wrecking ball
Not A Bad Thing,Justin Timberlake,45,2014,justin timberlake,not a bad thing
Roar,Katy Perry,46,2014,katy perry,roar
Ain't It Fun,Paramore,47,2014,paramore,aint it fun
The Man,Aloe Blacc,48,2014,aloe blacc,the man
This Is How We Roll, Florida Georgia Line Featuring Luke Bryan,49,2014,florida georgia line,this is how we roll
Classic,MKTO,50,2014,mkto,classic
A Sky Full Of Stars,Coldplay,51,2014,coldplay,a sky full of stars
Don't,Ed Sheeran,52,2014,ed sheeran,dont
Na Na,Trey Songz,53,2014,trey songz,na na
Hot Boy,Bobby Shmurda,54,2014,bobby shmurda,hot boy
"Hold On, We're Going Home",Drake Featuring Majid Jordan,55,2014,drake,hold on were going home
Sing,Ed Sheeran,56,2014,ed sheeran,sing
Radioactive,Imagine Dragons,57,2014,imagine dragons,radioactive
My Hitta,YG Featuring Jeezy & Rich Homie Quan,58,2014,yg,my hitta
Cool Kids,Echosmith,59,2014,echosmith,cool kids
Hey Brother,Avicii,60,2014,avicii,hey brother
Trumpets,Jason Derulo,61,2014,jason derulo,trumpets
Animals,Maroon 5,62,2014,maroon 5,animals
Burnin' It Down,Jason Aldean,63,2014,jason aldean,burnin it down
Play It Again,Luke Bryan,64,2014,luke bryan,play it again
2 On,Tinashe Featuring ScHoolboy Q,65,2014,tinashe,2 on
Dirt,Florida Georgia Line,66,2014,florida georgia line,dirt
Love Runs Out,OneRepublic,67,2014,onerepublic,love runs out
Bottoms Up,Brantley Gilbert,68,2014,brantley gilbert,bottoms up
Shower,Becky G,69,2014,becky g,shower
Me And My Broken Heart,Rixton,70,2014,rixton,me and my broken heart
Animals,Martin Garrix,71,2014,martin garrix,animals
Lifestyle,Rich Gang Featuring Young Thug & Rich Homie Quan,72,2014,rich gang,lifestyle
American Kids,Kenny Chesney,73,2014,kenny chesney,american kids
Brave,Sara Bareilles,74,2014,sara bareilles,brave
Sweater Weather,The Neighbourhood,75,2014,the neighbourhood,sweater weather
Leave The Night On,Sam Hunt,76,2014,sam hunt,leave the night on
New Flame,Chris Brown Featuring Usher & Rick Ross,77,2014,chris brown,new flame
Love Never Felt So Good,Michael Jackson & Justin Timberlake,78,2014,michael jackson,love never felt so good
Drunk On A Plane,Dierks Bentley,79,2014,dierks bentley,drunk on a plane
Birthday,Katy Perry,80,2014,katy perry,birthday
Bartender,Lady Antebellum,81,2014,lady antebellum,bartender
La La La,Naughty Boy Featuring Sam Smith,82,2014,naughty boy,la la la
Blurred Lines,Robin Thicke Featuring T.I. + Pharrell,83,2014,robin thicke,blurred lines
Do What U Want,Lady Gaga Featuring R. Kelly,84,2014,lady gaga,do what u want
Can't Remember To Forget You,Shakira Featuring Rihanna,85,2014,shakira,cant remember to forget you
Amnesia,5 Seconds Of Summer,86,2014,5 seconds of summer,amnesia
No Mediocre,T.I. Featuring Iggy Azalea,87,2014,ti,no mediocre
Come With Me Now,KONGOS,88,2014,kongos,come with me now
Believe Me,Lil Wayne Featuring Drake,89,2014,lil wayne,believe me
23 ,"Mike WiLL Made-It Featuring Miley Cyrus, Wiz Khalifa & Juicy J",90,2014,mike will made it,23 
Beachin',Jake Owen,91,2014,jake owen,beachin
White Walls,Macklemore & Ryan Lewis Featuring ScHoolboy Q & Hollis,92,2014,macklemore,white walls
She Looks So Perfect ,5 Seconds Of Summer,93,2014,5 seconds of summer,she looks so perfect 
Stay The Night,Zedd Featuring Hayley Williams,94,2014,zedd,stay the night
Partition,Beyonce,95,2014,beyonce,partition
Studio,ScHoolboy Q Featuring BJ The Chicago Kid,96,2014,schoolboy q,studio
0 To 100 / The Catch Up,Drake,97,2014,drake,0 to 100 / the catch up
I Don't Dance,Lee Brice,98,2014,lee brice,i dont dance
Somethin' Bad,Miranda Lambert Duet With Carrie Underwood,99,2014,miranda lambert duet,somethin bad
Adore You,Miley Cyrus,100,2014,miley cyrus,adore you
Uptown Funk!,Mark Ronson Featuring Bruno Mars,1,2015,mark ronson,uptown funk
Thinking Out Loud,Ed Sheeran,2,2015,ed sheeran,thinking out loud
See You Again,Wiz Khalifa Featuring Charlie Puth,3,2015,wiz khalifa,see you again
Trap Queen,Fetty Wap,4,2015,fetty wap,trap queen
Sugar,Maroon 5,5,2015,maroon 5,sugar
Shut Up And Dance,WALK THE MOON,6,2015,walk the moon,shut up and dance
Blank Space,Taylor Swift,7,2015,taylor swift,blank space
Watch Me,Silento,8,2015,silento,watch me
Earned It (Fifty Shades Of Grey),The Weeknd,9,2015,the weeknd,earned it fifty shades of grey
The Hills,The Weeknd,10,2015,the weeknd,the hills
 Cheerleader,OMI,11,2015,omi, cheerleader
Can't Feel My Face,The Weeknd,12,2015,the weeknd,cant feel my face
Love Me Like You Do,Ellie Goulding,13,2015,ellie goulding,love me like you do
Take Me To Church,Hozier,14,2015,hozier,take me to church
Bad Blood,Taylor Swift Featuring Kendrick Lamar,15,2015,taylor swift,bad blood
Lean On,Major Lazer & DJ Snake Featuring MO,16,2015,major lazer,lean on
Want To Want Me,Jason Derulo,17,2015,jason derulo,want to want me
Shake It Off,Taylor Swift,18,2015,taylor swift,shake it off
Where Are U Now,Skrillex & Diplo With Justin Bieber,19,2015,skrillex,where are u now
Fight Song,Rachel Platten,20,2015,rachel platten,fight song
679,Fetty Wap Featuring Remy Boyz,21,2015,fetty wap,679
Lips Are Movin,Meghan Trainor,22,2015,meghan trainor,lips are movin
Worth It,Fifth Harmony Featuring Kid Ink,23,2015,fifth harmony,worth it
Post To Be,Omarion Featuring Chris Brown & Jhene Aiko,24,2015,omarion,post to be
"Honey, I'm Good.",Andy Grammer,25,2015,andy grammer,honey im good
I'm Not The Only One,Sam Smith,26,2015,sam smith,im not the only one
Good For You,Selena Gomez Featuring A$AP Rocky,27,2015,selena gomez,good for you
All About That Bass,Meghan Trainor,28,2015,meghan trainor,all about that bass
 Style,Taylor Swift,29,2015,taylor swift, style
Hotline Bling,Drake,30,2015,drake,hotline bling
Hey Mama,"David Guetta Featuring Nicki Minaj, Bebe Rexha & Afrojack",31,2015,david guetta,hey mama
G.D.F.R.,Flo Rida Featuring Sage The Gemini & Lookas,32,2015,flo rida,gdfr
What Do You Mean?,Justin Bieber,33,2015,justin bieber,what do you mean
Photograph,Ed Sheeran,34,2015,ed sheeran,photograph
Hello,Adele,35,2015,adele,hello
Stitches,Shawn Mendes,36,2015,shawn mendes,stitches
Talking Body,Tove Lo,37,2015,tove lo,talking body
Jealous,Nick Jonas,38,2015,nick jonas,jealous
Time Of Our Lives,Pitbull & Ne-Yo,39,2015,pitbull,time of our lives
 Locked Away,R. City Featuring Adam Levine,40,2015,r city, locked away
Somebody,Natalie La Rose Featuring Jeremih,41,2015,natalie la rose,somebody
FourFiveSeconds,Rihanna & Kanye West & Paul McCartney,42,2015,rihanna,fourfiveseconds
Centuries,Fall Out Boy,43,2015,fall out boy,centuries
My Way,Fetty Wap Featuring Monty,44,2015,fetty wap,my way
Take Your Time,Sam Hunt,45,2015,sam hunt,take your time
Animals,Maroon 5,46,2015,maroon 5,animals
I Don't F**k With You,Big Sean Featuring E-40,47,2015,big sean,i dont f**k with you
B**** Better Have My Money,Rihanna,48,2015,rihanna,b**** better have my money
Flex (Ooh Ooh Ooh),Rich Homie Quan,49,2015,rich homie quan,flex ooh ooh ooh
Nasty Freestyle,T-Wayne,50,2015,t wayne,nasty freestyle
Only,"Nicki Minaj Featuring Drake, Lil Wayne & Chris Brown",51,2015,nicki minaj,only
Elastic Heart,Sia,52,2015,sia,elastic heart
Cool For The Summer,Demi Lovato,53,2015,demi lovato,cool for the summer
Renegades,X Ambassadors,54,2015,x ambassadors,renegades
I Don't Mind,Usher Featuring Juicy J,55,2015,usher,i dont mind
Love Me Harder,Ariana Grande & The Weeknd,56,2015,ariana grande,love me harder
Wildest Dreams,Taylor Swift,57,2015,taylor swift,wildest dreams
Stay With Me,Sam Smith,58,2015,sam smith,stay with me
You Know You Like It,DJ Snake & AlunaGeorge,59,2015,dj snake,you know you like it
Uma Thurman,Fall Out Boy,60,2015,fall out boy,uma thurman
7/11,Beyonce,61,2015,beyonce,7/11
The Heart Wants What It Wants,Selena Gomez,62,2015,selena gomez,the heart wants what it wants
Girl Crush,Little Big Town,63,2015,little big town,girl crush
Slow Motion,Trey Songz,64,2015,trey songz,slow motion
Drag Me Down,One Direction,65,2015,one direction,drag me down
Truffle Butter,Nicki Minaj Featuring Drake & Lil Wayne,66,2015,nicki minaj,truffle butter
One Last Time,Ariana Grande,67,2015,ariana grande,one last time
Chains,Nick Jonas,68,2015,nick jonas,chains
All Eyes On You,Meek Mill Featuring Chris Brown & Nicki Minaj,69,2015,meek mill,all eyes on you
No Type,Rae Sremmurd,70,2015,rae sremmurd,no type
Riptide,Vance Joy,71,2015,vance joy,riptide
Classic Man,Jidenna Featuring Roman GianArthur,72,2015,jidenna,classic man
Ex's & Oh's,Elle King,73,2015,elle king,exs and ohs
Dear Future Husband ,Meghan Trainor,74,2015,meghan trainor,dear future husband 
Marvin Gaye,Charlie Puth Featuring Meghan Trainor,75,2015,charlie puth,marvin gaye
Like I'm Gonna Lose You,Meghan Trainor Featuring John Legend,76,2015,meghan trainor,like im gonna lose you
Habits (Stay High),Tove Lo,77,2015,tove lo,habits stay high
The Hanging Tree,James Newton Howard Featuring Jennifer Lawrence,78,2015,james newton howard,the hanging tree
CoCo,O.T. Genasis,79,2015,ot genasis,coco
Bang Bang,"Jessie J, Ariana Grande & Nicki Minaj",80,2015,"jessie j, ariana grande",bang bang
Lay Me Down,Sam Smith,81,2015,sam smith,lay me down
Tuesday,I LOVE MAKONNEN Featuring Drake,82,2015,i love makonnen,tuesday
Hit The Quan,iLoveMemphis,83,2015,ilovememphis,hit the quan
Downtown,"Macklemore & Ryan Lewis Featuring Eric Nally, Melle Mel, Kool Moe Dee & Grandmaster Caz",84,2015,macklemore,downtown
House Party,Sam Hunt,85,2015,sam hunt,house party
Ayo ,Chris Brown & Tyga,86,2015,chris brown,ayo 
Kick The Dust Up,Luke Bryan,87,2015,luke bryan,kick the dust up
Blessings,Big Sean Featuring Drake,88,2015,big sean,blessings
Budapest,George Ezra,89,2015,george ezra,budapest
Chandelier,Sia,90,2015,sia,chandelier
Heartbeat Song,Kelly Clarkson,91,2015,kelly clarkson,heartbeat song
Don't,Ed Sheeran,92,2015,ed sheeran,dont
Ghost,Ella Henderson,93,2015,ella henderson,ghost
Here,Alessia Cara,94,2015,alessia cara,here
Waves,Mr. Probz,95,2015,mr probz,waves
El Perdon (Forgiveness),Nicky Jam & Enrique Iglesias,96,2015,nicky jam,el perdon forgiveness
She Knows,Ne-Yo Featuring Juicy J,97,2015,ne yo,she knows
Night Changes,One Direction,98,2015,one direction,night changes
Back To Back,Drake,99,2015,drake,back to back
How Deep Is Your Love,Calvin Harris & Disciples,100,2015,calvin harris,how deep is your love
Love Yourself,Justin Bieber,1,2016,justin bieber,love yourself
Sorry,Justin Bieber,2,2016,justin bieber,sorry
One Dance,Drake Featuring WizKid & Kyla,3,2016,drake,one dance
Work,Rihanna Featuring Drake,4,2016,rihanna,work
Stressed Out,twenty one pilots,5,2016,twenty one pilots,stressed out
Panda,Desiigner,6,2016,desiigner,panda
Hello,Adele,7,2016,adele,hello
Don't Let Me Down,The Chainsmokers Featuring Daya,8,2016,the chainsmokers,dont let me down
Can't Stop The Feeling!,Justin Timberlake,9,2016,justin timberlake,cant stop the feeling
Closer,The Chainsmokers Featuring Halsey,10,2016,the chainsmokers,closer
Cheap Thrills,Sia Featuring Sean Paul,11,2016,sia,cheap thrills
7 Years,Lukas Graham,12,2016,lukas graham,7 years
Needed Me,Rihanna,13,2016,rihanna,needed me
My House,Flo Rida,14,2016,flo rida,my house
I Took A Pill In Ibiza,Mike Posner,15,2016,mike posner,i took a pill in ibiza
Work From Home,Fifth Harmony Featuring Ty Dolla $ign,16,2016,fifth harmony,work from home
This Is What You Came For,Calvin Harris Featuring Rihanna,17,2016,calvin harris,this is what you came for
Cake By The Ocean,DNCE,18,2016,dnce,cake by the ocean
"Me, Myself & I",G-Eazy x Bebe Rexha,19,2016,g eazy x bebe rexha,me myself and i
Ride,twenty one pilots,20,2016,twenty one pilots,ride
Heathens,twenty one pilots,21,2016,twenty one pilots,heathens
Pillowtalk,Zayn,22,2016,zayn,pillowtalk
Stitches,Shawn Mendes,23,2016,shawn mendes,stitches
Hotline Bling,Drake,24,2016,drake,hotline bling
Cold Water,Major Lazer Featuring Justin Bieber & MO,25,2016,major lazer,cold water
Send My Love (To Your New Lover),Adele,26,2016,adele,send my love to your new lover
Roses,The Chainsmokers Featuring Rozes,27,2016,the chainsmokers,roses
Treat You Better,Shawn Mendes,28,2016,shawn mendes,treat you better
Too Good,Drake Featuring Rihanna,29,2016,drake,too good
Low Life,Future Featuring The Weeknd,30,2016,future,low life
What Do You Mean?,Justin Bieber,31,2016,justin bieber,what do you mean
The Hills,The Weeknd,32,2016,the weeknd,the hills
Just Like Fire,P!nk,33,2016,pink,just like fire
Broccoli,D.R.A.M. Featuring Lil Yachty,34,2016,dram,broccoli
Don't,Bryson Tiller,35,2016,bryson tiller,dont
Dangerous Woman,Ariana Grande,36,2016,ariana grande,dangerous woman
Jumpman,Drake & Future,37,2016,drake,jumpman
I Hate U I Love U,gnash Featuring Olivia O'Brien,38,2016,gnash,i hate u i love u
Here,Alessia Cara,39,2016,alessia cara,here
Same Old Love,Selena Gomez,40,2016,selena gomez,same old love
Controlla,Drake,41,2016,drake,controlla
Like I'm Gonna Lose You ,Meghan Trainor Featuring John Legend,42,2016,meghan trainor,like im gonna lose you 
One Call Away,Charlie Puth,43,2016,charlie puth,one call away
Let It Go,James Bay,44,2016,james bay,let it go
No,Meghan Trainor,45,2016,meghan trainor,no
Never Forget You,Zara Larsson & MNEK,46,2016,zara larsson,never forget you
Let Me Love You,DJ Snake Featuring Justin Bieber,47,2016,dj snake,let me love you
Don't Mind,Kent Jones,48,2016,kent jones,dont mind
H.O.L.Y.,Florida Georgia Line,49,2016,florida georgia line,holy
We Don't Talk Anymore,Charlie Puth Featuring Selena Gomez,50,2016,charlie puth,we dont talk anymore
Into You,Ariana Grande,51,2016,ariana grande,into you
Gold,Kiiara,52,2016,kiiara,gold
Exchange,Bryson Tiller,53,2016,bryson tiller,exchange
679,Fetty Wap Featuring Remy Boyz,54,2016,fetty wap,679
Oui,Jeremih,55,2016,jeremih,oui
Hands To Myself,Selena Gomez,56,2016,selena gomez,hands to myself
2 Phones,Kevin Gates,57,2016,kevin gates,2 phones
Starboy,The Weeknd Featuring Daft Punk,58,2016,the weeknd,starboy
For Free,DJ Khaled Featuring Drake,59,2016,dj khaled,for free
Never Be Like You,Flume Featuring Kai,60,2016,flume,never be like you
In The Night,The Weeknd,61,2016,the weeknd,in the night
Me Too,Meghan Trainor,62,2016,meghan trainor,me too
Ex's & Oh's,Elle King,63,2016,elle king,exs and ohs
Die A Happy Man,Thomas Rhett,64,2016,thomas rhett,die a happy man
White Iverson,Post Malone,65,2016,post malone,white iverson
Close,Nick Jonas Featuring Tove Lo,66,2016,nick jonas,close
Unsteady,X Ambassadors,67,2016,x ambassadors,unsteady
Sucker For Pain,"Lil Wayne, Wiz Khalifa & Imagine Dragons With Logic & Ty Dolla $ign Feat. X Ambassadors",68,2016,"lil wayne, wiz khalifa",sucker for pain
Down In The DM,Yo Gotti Featuring Nicki Minaj,69,2016,yo gotti,down in the dm
Luv,Tory Lanez,70,2016,tory lanez,luv
Sorry,Beyonce,71,2016,beyonce,sorry
Can't Feel My Face,The Weeknd,72,2016,the weeknd,cant feel my face
Hymn For The Weekend,Coldplay,73,2016,coldplay,hymn for the weekend
Say It,Tory Lanez,74,2016,tory lanez,say it
Antidote,Travis Scott,75,2016,travis scott,antidote
Lost Boy,Ruth B,76,2016,ruth b,lost boy
Side To Side,Ariana Grande Featuring Nicki Minaj,77,2016,ariana grande,side to side
"Sit Still, Look Pretty",Daya,78,2016,daya,sit still look pretty
Wildest Dreams,Taylor Swift,79,2016,taylor swift,wildest dreams
Middle,DJ Snake Featuring Bipolar Sunshine,80,2016,dj snake,middle
On My Mind,Ellie Goulding,81,2016,ellie goulding,on my mind
Pop Style,Drake Featuring The Throne,82,2016,drake,pop style
When We Were Young,Adele,83,2016,adele,when we were young
Hide Away,Daya,84,2016,daya,hide away
Lean On,Major Lazer & DJ Snake Featuring MO,85,2016,major lazer,lean on
I Know What You Did Last Summer,Shawn Mendes & Camila Cabello,86,2016,shawn mendes,i know what you did last summer
Watch Me,Silento,88,2016,silento,watch me
Back To Sleep,Chris Brown,89,2016,chris brown,back to sleep
No Limit,Usher Featuring Young Thug,90,2016,usher,no limit
Cut It,O.T. Genasis Featuring Young Dolph,91,2016,ot genasis,cut it
Really Really,Kevin Gates,92,2016,kevin gates,really really
All In My Head (Flex),Fifth Harmony Featuring Fetty Wap,93,2016,fifth harmony,all in my head flex
Starving,Hailee Steinfeld & Grey Featuring Zedd,94,2016,hailee steinfeld,starving
Adventure Of A Lifetime,Coldplay,95,2016,coldplay,adventure of a lifetime
Humble And Kind,Tim McGraw,96,2016,tim mcgraw,humble and kind
Wicked,Future,97,2016,future,wicked
Tiimmy Turner,Desiigner,98,2016,desiigner,tiimmy turner
See You Again,Wiz Khalifa Featuring Charlie Puth,99,2016,wiz khalifa,see you again
Perfect,One Direction,100,2016,one direction,perfect
Shape Of You,Ed Sheeran,1,2017,ed sheeran,shape of you
Despacito,Luis Fonsi & Daddy Yankee Featuring Justin Bieber,2,2017,luis fonsi,despacito
That's What I Like,Bruno Mars,3,2017,bruno mars,thats what i like
Humble.,Kendrick Lamar,4,2017,kendrick lamar,humble
Something Just Like This,The Chainsmokers & Coldplay,5,2017,the chainsmokers,something just like this
Bad And Boujee,Migos Featuring Lil Uzi Vert,6,2017,migos,bad and boujee
Closer,The Chainsmokers Featuring Halsey,7,2017,the chainsmokers,closer
Body Like A Back Road,Sam Hunt,8,2017,sam hunt,body like a back road
Believer,Imagine Dragons,9,2017,imagine dragons,believer
Congratulations,Post Malone Featuring Quavo,10,2017,post malone,congratulations
Say You Won't Let Go,James Arthur,11,2017,james arthur,say you wont let go
I'm The One,"DJ Khaled Featuring Justin Bieber, Quavo, Chance The Rapper & Lil Wayne",12,2017,dj khaled,im the one
XO TOUR Llif3, Lil Uzi Vert,13,2017,lil uzi vert,xo tour llif3
Mask Off,Future,14,2017,future,mask off
Unforgettable,French Montana Featuring Swae Lee,15,2017,french montana,unforgettable
24K Magic,Bruno Mars,16,2017,bruno mars,24k magic
Stay,Zedd & Alessia Cara,17,2017,zedd,stay
Wild Thoughts,DJ Khaled Featuring Rihanna & Bryson Tiller,18,2017,dj khaled,wild thoughts
Black Beatles,Rae Sremmurd Featuring Gucci Mane,19,2017,rae sremmurd,black beatles
Starboy,The Weeknd Featuring Daft Punk,20,2017,the weeknd,starboy
Location,Khalid,21,2017,khalid,location
Attention,Charlie Puth,22,2017,charlie puth,attention
There's Nothing Holdin' Me Back,Shawn Mendes,23,2017,shawn mendes,theres nothing holdin me back
Bodak Yellow (Money Moves),Cardi B,24,2017,cardi b,bodak yellow money moves
Redbone,Childish Gambino,25,2017,childish gambino,redbone
I Don't Wanna Live Forever (Fifty Shades Darker),Zayn / Taylor Swift,26,2017,zayn / taylor swift,i dont wanna live forever fifty shades darker
It Ain't Me,Kygo x Selena Gomez,27,2017,kygo x selena gomez,it aint me
iSpy,KYLE Featuring Lil Yachty,28,2017,kyle,ispy
Issues,Julia Michaels,29,2017,julia michaels,issues
Scars To Your Beautiful,Alessia Cara,30,2017,alessia cara,scars to your beautiful
1-800-273-8255,Logic Featuring Alessia Cara & Khalid,31,2017,logic,1-800-273-8255
Slow Hands,Niall Horan,32,2017,niall horan,slow hands
Love On The Brain,Rihanna,33,2017,rihanna,love on the brain
I Feel It Coming,The Weeknd Featuring Daft Punk,34,2017,the weeknd,i feel it coming
 Bounce Back,Big Sean,35,2017,big sean, bounce back
Strip That Down,Liam Payne Featuring Quavo,36,2017,liam payne,strip that down
Fake Love,Drake,37,2017,drake,fake love
Don't Wanna Know,Maroon 5 Featuring Kendrick Lamar,38,2017,maroon 5,dont wanna know
Look What You Made Me Do,Taylor Swift,39,2017,taylor swift,look what you made me do
Castle On The Hill,Ed Sheeran,40,2017,ed sheeran,castle on the hill
Bad Things,Machine Gun Kelly x Camila Cabello,41,2017,machine gun kelly x camila cabello,bad things
Paris,The Chainsmokers,42,2017,the chainsmokers,paris
Side To Side,Ariana Grande Featuring Nicki Minaj,43,2017,ariana grande,side to side
Rockabye,Clean Bandit Featuring Sean Paul & Anne-Marie,44,2017,clean bandit,rockabye
Feel It Still,Portugal. The Man,45,2017,portugal the man,feel it still
Let Me Love You,DJ Snake Featuring Justin Bieber,46,2017,dj snake,let me love you
Sorry Not Sorry,Demi Lovato,47,2017,demi lovato,sorry not sorry
Bank Account,21 Savage,48,2017,21 savage,bank account
Can't Stop The Feeling!,Justin Timberlake,49,2017,justin timberlake,cant stop the feeling
Mi Gente,J Balvin & Willy William Featuring Beyonce,50,2017,j balvin,mi gente
Thunder,Imagine Dragons,51,2017,imagine dragons,thunder
T-Shirt,Migos,52,2017,migos,t-shirt
Rake It Up,Yo Gotti Featuring Nicki Minaj,53,2017,yo gotti,rake it up
Mercy,Shawn Mendes,54,2017,shawn mendes,mercy
Tunnel Vision, Kodak Black,55,2017,kodak black,tunnel vision
Rockstar,Post Malone Featuring 21 Savage,56,2017,post malone,rockstar
In Case You Didn't Know,Brett Young,57,2017,brett young,in case you didnt know
Heathens,twenty one pilots,58,2017,twenty one pilots,heathens
Now Or Never,Halsey,59,2017,halsey,now or never
Caroline,Amine,60,2017,amine,caroline
Rolex,Ayo & Teo,61,2017,ayo,rolex
DNA.,Kendrick Lamar,62,2017,kendrick lamar,dna
Juju On That Beat (TZ Anthem),Zay Hilfigerrr & Zayion McCall,63,2017,zay hilfigerrr,juju on that beat tz anthem
Swang,Rae Sremmurd,64,2017,rae sremmurd,swang
Passionfruit,Drake,65,2017,drake,passionfruit
Loyalty.,Kendrick Lamar Featuring Rihanna,66,2017,kendrick lamar,loyalty
Praying,Kesha,67,2017,kesha,praying
Goosebumps,Travis Scott,68,2017,travis scott,goosebumps
Cold,Maroon 5 Featuring Future,69,2017,maroon 5,cold
Broccoli,D.R.A.M. Featuring Lil Yachty,70,2017,dram,broccoli
Slide,Calvin Harris Featuring Frank Ocean & Migos,71,2017,calvin harris,slide
What Ifs,Kane Brown Featuring Lauren Alaina,72,2017,kane brown,what ifs
Chained To The Rhythm,Katy Perry Featuring Skip Marley,73,2017,katy perry,chained to the rhythm
 Feels,"Calvin Harris Featuring Pharrell Williams, Katy Perry & Big Sean",74,2017,calvin harris, feels
All Time Low,Jon Bellion,75,2017,jon bellion,all time low
Hurricane,Luke Combs,76,2017,luke combs,hurricane
Too Good At Goodbyes,Sam Smith,77,2017,sam smith,too good at goodbyes
Young Dumb & Broke, Khalid,78,2017,khalid,young dumb and broke
Magnolia,Playboi Carti,79,2017,playboi carti,magnolia
Love Galore,SZA Featuring Travis Scott,80,2017,sza,love galore
Drowning,A Boogie Wit da Hoodie Featuring Kodak Black,81,2017,a boogie wit da hoodie,drowning
Starving,Hailee Steinfeld & Grey Featuring Zedd,82,2017,hailee steinfeld,starving
Both,Gucci Mane Featuring Drake,83,2017,gucci mane,both
What About Us,P!nk,84,2017,pink,what about us
Swalla,Jason Derulo Featuring Nicki Minaj & Ty Dolla $ign,85,2017,jason derulo,swalla
Slippery,Migos Featuring Gucci Mane,86,2017,migos,slippery
Sign Of The Times,Harry Styles,87,2017,harry styles,sign of the times
Water Under The Bridge,Adele,88,2017,adele,water under the bridge
Malibu,Miley Cyrus,89,2017,miley cyrus,malibu
Down,Marian Hill,90,2017,marian hill,down
No Promises,Cheat Codes Featuring Demi Lovato,91,2017,cheat codes,no promises
Treat You Better,Shawn Mendes,92,2017,shawn mendes,treat you better
I Get The Bag,Gucci Mane Featuring Migos,93,2017,gucci mane,i get the bag
Small Town Boy,Dustin Lynch,94,2017,dustin lynch,small town boy
Everyday We Lit,YFN Lucci Featuring PnB Rock,95,2017,yfn lucci,everyday we lit
Havana,Camila Cabello Featuring Young Thug,96,2017,camila cabello,havana
What Lovers Do,Maroon 5 Featuring SZA,97,2017,maroon 5,what lovers do
Do Re Mi,blackbear,98,2017,blackbear,do re mi
Look At Me!,XXXTENTACION,99,2017,xxxtentacion,look at me
The Fighter,Keith Urban Featuring Carrie Underwood,100,2017,keith urban,the fighter
God's Plan,Drake,1,2018,drake,gods plan
Perfect,Ed Sheeran,2,2018,ed sheeran,perfect
Meant To Be,Bebe Rexha & Florida Georgia Line,3,2018,bebe rexha,meant to be
Havana,Camila Cabello Featuring Young Thug,4,2018,camila cabello,havana
Rockstar,Post Malone Featuring 21 Savage,5,2018,post malone,rockstar
Psycho,Post Malone Featuring Ty Dolla $ign,6,2018,post malone,psycho
I Like It,"Cardi B, Bad Bunny & J Balvin",7,2018,"cardi b, bad bunny",i like it
The Middle,"Zedd, Maren Morris & Grey",8,2018,"zedd, maren morris",the middle
In My Feelings,Drake,9,2018,drake,in my feelings
Girls Like You,Maroon 5 Featuring Cardi B,10,2018,maroon 5,girls like you
Nice For What,Drake,11,2018,drake,nice for what
Lucid Dreams,Juice WRLD,12,2018,juice wrld,lucid dreams
Better Now,Post Malone,13,2018,post malone,better now
Finesse,Bruno Mars & Cardi B,14,2018,bruno mars,finesse
Boo'd Up,Ella Mai,15,2018,ella mai,bood up
New Rules,Dua Lipa,16,2018,dua lipa,new rules
Sad!,XXXTENTACION,17,2018,xxxtentacion,sad
Never Be The Same,Camila Cabello,18,2018,camila cabello,never be the same
Love Lies,Khalid & Normani,19,2018,khalid,love lies
No Tears Left To Cry,Ariana Grande,20,2018,ariana grande,no tears left to cry
Mine,Bazzi,21,2018,bazzi,mine
Thunder,Imagine Dragons,22,2018,imagine dragons,thunder
Look Alive,BlocBoy JB Featuring Drake,23,2018,blocboy jb,look alive
Delicate,Taylor Swift,24,2018,taylor swift,delicate
Yes Indeed,Lil Baby & Drake,25,2018,lil baby,yes indeed
Friends,Marshmello & Anne-Marie,26,2018,marshmello,friends
Bad At Love,Halsey,27,2018,halsey,bad at love
Taste,Tyga Featuring Offset,28,2018,tyga,taste
Let You Down,NF,29,2018,nf,let you down
No Limit,G-Eazy Featuring A$AP Rocky & Cardi B,30,2018,g eazy,no limit
FEFE,6ix9ine Featuring Nicki Minaj & Murda Beatz,31,2018,6ix9ine,fefe
Tequila,Dan + Shay,32,2018,dan,tequila
Feel It Still,Portugal. The Man,33,2018,portugal the man,feel it still
MotorSport,"Migos, Nicki Minaj & Cardi B",34,2018,"migos, nicki minaj",motorsport
I Like Me Better,Lauv,35,2018,lauv,i like me better
Youngblood,5 Seconds Of Summer,36,2018,5 seconds of summer,youngblood
Whatever It Takes,Imagine Dragons,37,2018,imagine dragons,whatever it takes
Ric Flair Drip,Offset & Metro Boomin,38,2018,offset,ric flair drip
I Fall Apart,Post Malone,39,2018,post malone,i fall apart
Pray For Me,The Weeknd & Kendrick Lamar,40,2018,the weeknd,pray for me
Back To You,Selena Gomez,41,2018,selena gomez,back to you
Sicko Mode,Travis Scott,42,2018,travis scott,sicko mode
Walk It Talk It,Migos Featuring Drake,43,2018,migos,walk it talk it
Gucci Gang,Lil Pump,44,2018,lil pump,gucci gang
Him & I,G-Eazy & Halsey,45,2018,g eazy,him and i
In My Blood,Shawn Mendes,46,2018,shawn mendes,in my blood
All The Stars,Kendrick Lamar & SZA,47,2018,kendrick lamar,all the stars
Stir Fry,Migos,48,2018,migos,stir fry
Too Good At Goodbyes,Sam Smith,49,2018,sam smith,too good at goodbyes
Love.,Kendrick Lamar Featuring Zacari,50,2018,kendrick lamar,love
This Is America,Childish Gambino,51,2018,childish gambino,this is america
Nonstop,Drake,52,2018,drake,nonstop
Heaven,Kane Brown,53,2018,kane brown,heaven
Bodak Yellow (Money Moves),Cardi B,54,2018,cardi b,bodak yellow money moves
Freaky Friday,Lil Dicky Featuring Chris Brown,55,2018,lil dicky,freaky friday
Gummo,6ix9ine,56,2018,6ix9ine,gummo
Plug Walk,Rich The Kid,57,2018,rich the kid,plug walk
Wait,Maroon 5,58,2018,maroon 5,wait
Be Careful,Cardi B,59,2018,cardi b,be careful
Wolves,Selena Gomez X Marshmello,60,2018,selena gomez x marshmello,wolves
Bartier Cardi,Cardi B Featuring 21 Savage ,61,2018,cardi b,bartier cardi
God Is A Woman,Ariana Grande,62,2018,ariana grande,god is a woman
Big Bank,"YG Featuring 2 Chainz, Big Sean & Nicki Minaj",63,2018,yg,big bank
Sorry Not Sorry,Demi Lovato,64,2018,demi lovato,sorry not sorry
How Long,Charlie Puth,65,2018,charlie puth,how long
Lights Down Low,MAX Featuring gnash,66,2018,max,lights down low
Young Dumb & Broke,Khalid,67,2018,khalid,young dumb and broke
One Kiss,Calvin Harris & Dua Lipa,68,2018,calvin harris,one kiss
Natural,Imagine Dragons,69,2018,imagine dragons,natural
You Make It Easy,Jason Aldean,70,2018,jason aldean,you make it easy
Shape Of You,Ed Sheeran,71,2018,ed sheeran,shape of you
I Get The Bag,Gucci Mane Featuring Migos,72,2018,gucci mane,i get the bag
No Brainer,"DJ Khaled Featuring Justin Bieber, Chance The Rapper & Quavo",73,2018,dj khaled,no brainer
Plain Jane,A$AP Ferg Featuring Nicki Minaj,74,2018,asap ferg,plain jane
Sky Walker,Miguel Featuring Travis Scott,75,2018,miguel,sky walker
Marry Me,Thomas Rhett,76,2018,thomas rhett,marry me
Eastside,"benny blanco, Halsey & Khalid",77,2018,"benny blanco, halsey",eastside
Call Out My Name,The Weeknd,78,2018,the weeknd,call out my name
King's Dead,"Jay Rock, Kendrick Lamar, Future & James Blake",79,2018,"jay rock, kendrick lamar, future",kings dead
Happier,Marshmello & Bastille,80,2018,marshmello,happier
Te Bote,"Casper Magico, Nio Garcia, Darell, Nicky Jam, Ozuna & Bad Bunny",81,2018,"casper magico, nio garcia, darell, nicky jam, ozuna",te bote
Simple,Florida Georgia Line,82,2018,florida georgia line,simple
Lemon,N*E*R*D & Rihanna,83,2018,n e r d,lemon
1-800-273-8255,Logic Featuring Alessia Cara & Khalid,84,2018,logic,1-800-273-8255
Say Something,Justin Timberlake Featuring Chris Stapleton,85,2018,justin timberlake,say something
I'm Upset ,Drake,86,2018,drake,im upset 
Get Along,Kenny Chesney,87,2018,kenny chesney,get along
Moonlight,XXXTENTACION,88,2018,xxxtentacion,moonlight
What Lovers Do,Maroon 5 Featuring SZA,89,2018,maroon 5,what lovers do
X,Nicky Jam x J Balvin,90,2018,nicky jam x j balvin,x
Outside Today,YoungBoy Never Broke Again,91,2018,youngboy never broke again,outside today
Trip,Ella Mai,92,2018,ella mai,trip
Dura,Daddy Yankee,93,2018,daddy yankee,dura
Changes,XXXTENTACION,94,2018,xxxtentacion,changes
Mercy,Brett Young,95,2018,brett young,mercy
One Number Away,Luke Combs,96,2018,luke combs,one number away
Powerglide,Rae Sremmurd & Juicy J,97,2018,rae sremmurd,powerglide
IDGAF,Dua Lipa,98,2018,dua lipa,idgaf
Mi Gente,J Balvin & Willy William Featuring Beyonce,99,2018,j balvin,mi gente
Believer ,Imagine Dragons,100,2018,imagine dragons,believer 
Old Town Road,Lil Nas X Featuring Billy Ray Cyrus,1,2019,lil nas x,old town road
Sunflower (Spider-Man: Into The Spider-Verse),Post Malone & Swae Lee,2,2019,post malone,sunflower spider-man: into the spider-verse
Without Me,Halsey,3,2019,halsey,without me
Bad Guy,Billie Eilish,4,2019,billie eilish,bad guy
Wow.,Post Malone ,5,2019,post malone,wow
Happier,Marshmello & Bastille,6,2019,marshmello,happier
7 Rings,Ariana Grande,7,2019,ariana grande,7 rings
Talk,Khalid,8,2019,khalid,talk
Sicko Mode,Travis Scott,9,2019,travis scott,sicko mode
Sucker,Jonas Brothers,10,2019,jonas brothers,sucker
High Hopes,Panic! At The Disco,11,2019,panic at the disco,high hopes
"Thank U, Next",Ariana Grande,12,2019,ariana grande,thank u next
Truth Hurts,Lizzo,13,2019,lizzo,truth hurts
Dancing With A Stranger,Sam Smith & Normani,14,2019,sam smith,dancing with a stranger
Senorita,Shawn Mendes & Camila Cabello,15,2019,shawn mendes,senorita
I Don't Care,Ed Sheeran & Justin Bieber,16,2019,ed sheeran,i dont care
Eastside,"benny blanco, Halsey & Khalid",17,2019,"benny blanco, halsey",eastside
Going Bad,Meek Mill Featuring Drake,18,2019,meek mill,going bad
Shallow,Lady Gaga & Bradley Cooper,19,2019,lady gaga,shallow
Better,Khalid,20,2019,khalid,better
No Guidance,Chris Brown Featuring Drake,21,2019,chris brown,no guidance
Girls Like You,Maroon 5 Featuring Cardi B,22,2019,maroon 5,girls like you
Sweet But Psycho,Ava Max,23,2019,ava max,sweet but psycho
Suge,DaBaby,24,2019,dababy,suge
Middle Child,J. Cole,25,2019,j cole,middle child
Drip Too Hard,Lil Baby & Gunna,26,2019,lil baby,drip too hard
Someone You Loved,Lewis Capaldi,27,2019,lewis capaldi,someone you loved
Ran$om,Lil Tecca,28,2019,lil tecca,ran$om
If I Can't Have You,Shawn Mendes,29,2019,shawn mendes,if i cant have you
Goodbyes,Post Malone Featuring Young Thug,30,2019,post malone,goodbyes
ZEZE,Kodak Black Featuring Travis Scott & Offset,31,2019,kodak black,zeze
Better Now,Post Malone,32,2019,post malone,better now
Youngblood,5 Seconds Of Summer,33,2019,5 seconds of summer,youngblood
Money In The Grave,Drake Featuring Rick Ross,34,2019,drake,money in the grave
Speechless,Dan + Shay,35,2019,dan,speechless
"Break Up With Your Girlfriend, I'm Bored",Ariana Grande,36,2019,ariana grande,break up with your girlfriend im bored
Please Me,Cardi B & Bruno Mars,37,2019,cardi b,please me
Money, Cardi B,38,2019,cardi b,money
You Need To Calm Down,Taylor Swift,39,2019,taylor swift,you need to calm down
Panini,Lil Nas X,40,2019,lil nas x,panini
Look Back At It,A Boogie Wit da Hoodie,41,2019,a boogie wit da hoodie,look back at it
A Lot,21 Savage,42,2019,21 savage,a lot
ME!,Taylor Swift Featuring Brendon Urie,43,2019,taylor swift,me
MIA,Bad Bunny Featuring Drake,44,2019,bad bunny,mia
Pop Out,Polo G Featuring Lil Tjay,45,2019,polo g,pop out
Beautiful Crazy,Luke Combs,46,2019,luke combs,beautiful crazy
Thotiana,Blueface,47,2019,blueface,thotiana
Lucid Dreams,Juice WRLD,48,2019,juice wrld,lucid dreams
Mo Bamba,Sheck Wes,49,2019,sheck wes,mo bamba
Beautiful People,Ed Sheeran Featuring Khalid,50,2019,ed sheeran,beautiful people
Wake Up In The Sky,Gucci Mane X Bruno Mars X Kodak Black,51,2019,gucci mane x bruno mars x kodak black,wake up in the sky
Whiskey Glasses,Morgan Wallen,52,2019,morgan wallen,whiskey glasses
God's Country,Blake Shelton,53,2019,blake shelton,gods country
Be Alright,Dean Lewis,54,2019,dean lewis,be alright
Pure Water,Mustard & Migos,55,2019,mustard,pure water
The Git Up,Blanco Brown,56,2019,blanco brown,the git up
Taki Taki,"DJ Snake Featuring Selena Gomez, Ozuna & Cardi B",57,2019,dj snake,taki taki
Close To Me,Ellie Goulding X Diplo Featuring Swae Lee,58,2019,ellie goulding x diplo,close to me
Envy Me,Calboy,59,2019,calboy,envy me
You Say,Lauren Daigle,60,2019,lauren daigle,you say
"Hey Look Ma, I Made It",Panic! At The Disco,61,2019,panic at the disco,hey look ma i made it
Circles,Post Malone,62,2019,post malone,circles
Beer Never Broke My Heart,Luke Combs,63,2019,luke combs,beer never broke my heart
The London,"Young Thug, J. Cole & Travis Scott",64,2019,"young thug, j cole",the london
Con Calma,Daddy Yankee & Katy Perry Featuring Snow,65,2019,daddy yankee,con calma
Murder On My Mind,YNW Melly,66,2019,ynw melly,murder on my mind
When The Party's Over,Billie Eilish,67,2019,billie eilish,when the partys over
Act Up,City Girls,68,2019,city girls,act up
I Like It,"Cardi B, Bad Bunny & J Balvin",69,2019,"cardi b, bad bunny",i like it
Trampoline,SHAED,70,2019,shaed,trampoline
Leave Me Alone,Flipp Dinero,71,2019,flipp dinero,leave me alone
Breathin,Ariana Grande,72,2019,ariana grande,breathin
Bury A Friend,Billie Eilish,73,2019,billie eilish,bury a friend
Close Friends,Lil Baby,74,2019,lil baby,close friends
Baby Shark,Pinkfong,75,2019,pinkfong,baby shark
My Type,Saweetie,76,2019,saweetie,my type
Worth It,YK Osiris,77,2019,yk osiris,worth it
Only Human ,Jonas Brothers,78,2019,jonas brothers,only human 
Knockin' Boots,Luke Bryan,79,2019,luke bryan,knockin boots
Trip,Ella Mai,80,2019,ella mai,trip
Rumor,Lee Brice,81,2019,lee brice,rumor
Swervin,A Boogie Wit da Hoodie Featuring 6ix9ine,82,2019,a boogie wit da hoodie,swervin
How Do You Sleep?,Sam Smith,83,2019,sam smith,how do you sleep
 Baby,Lil Baby & DaBaby,84,2019,lil baby, baby
Look What God Gave Her,Thomas Rhett,85,2019,thomas rhett,look what god gave her
Good As You,Kane Brown,86,2019,kane brown,good as you
Clout,Offset Featuring Cardi B,87,2019,offset,clout
Love Lies,Khalid & Normani,88,2019,khalid,love lies
One Thing Right,Marshmello & Kane Brown,89,2019,marshmello,one thing right
Cash Shit,Megan Thee Stallion Featuring DaBaby,90,2019,megan thee stallion,cash shit
Tequila,Dan + Shay,91,2019,dan,tequila
Shotta Flow,NLE Choppa,92,2019,nle choppa,shotta flow
Hot Girl Summer,"Megan Thee Stallion, Nicki Minaj & Ty Dolla $ign",93,2019,"megan thee stallion, nicki minaj",hot girl summer
Talk You Out Of It,Florida Georgia Line,94,2019,florida georgia line,talk you out of it
Beautiful,Bazzi Featuring Camila Cabello,95,2019,bazzi,beautiful
Eyes On You,Chase Rice,96,2019,chase rice,eyes on you
All To Myself,Dan + Shay,97,2019,dan,all to myself
Boyfriend,Ariana Grande & Social House,98,2019,ariana grande,boyfriend
Walk Me Home,P!nk,99,2019,pink,walk me home
Robbery,Juice WRLD,100,2019,juice wrld,robbery
 Blinding Lights,The Weeknd,1,2020,the weeknd, blinding lights
Circles,Post Malone,2,2020,post malone,circles
The Box,Roddy Ricch,3,2020,roddy ricch,the box
Don't Start Now,Dua Lipa ,4,2020,dua lipa,dont start now
Rockstar,DaBaby Featuring Roddy Ricch,5,2020,dababy,rockstar
Adore You,Harry Styles,6,2020,harry styles,adore you
Life Is Good,Future Featuring Drake,7,2020,future,life is good
Memories,Maroon 5,8,2020,maroon 5,memories
The Bones,Maren Morris,9,2020,maren morris,the bones
Someone You Loved,Lewis Capaldi,10,2020,lewis capaldi,someone you loved
Say So,Doja Cat,11,2020,doja cat,say so
I Hope,Gabby Barrett Featuring Charlie Puth,12,2020,gabby barrett,i hope
Whats Poppin,"Jack Harlow Featuring DaBaby, Tory Lanez & Lil Wayne",13,2020,jack harlow,whats poppin
Dance Monkey,Tones And I,14,2020,tones and i,dance monkey
Savage,Megan Thee Stallion,15,2020,megan thee stallion,savage
Roxanne,Arizona Zervas,16,2020,arizona zervas,roxanne
Intentions,Justin Bieber Featuring Quavo,17,2020,justin bieber,intentions
Everything I Wanted,Billie Eilish,18,2020,billie eilish,everything i wanted
Roses,SAINt JHN,19,2020,saint jhn,roses
Watermelon Sugar,Harry Styles,20,2020,harry styles,watermelon sugar
Before You Go,Lewis Capaldi,21,2020,lewis capaldi,before you go
Falling,Trevor Daniel,22,2020,trevor daniel,falling
"10,000 Hours",Dan + Shay & Justin Bieber,23,2020,dan,10000 hours
WAP,Cardi B Featuring Megan Thee Stallion,24,2020,cardi b,wap
Ballin',Mustard & Roddy Ricch,25,2020,mustard,ballin
Hot Girl Bummer,blackbear,26,2020,blackbear,hot girl bummer
Blueberry Faygo,Lil Mosey,27,2020,lil mosey,blueberry faygo
Heartless,The Weeknd,28,2020,the weeknd,heartless
BOP,DaBaby,29,2020,dababy,bop
Lose You To Love Me,Selena Gomez,30,2020,selena gomez,lose you to love me
Good As Hell,Lizzo,31,2020,lizzo,good as hell
Toosie Slide ,Drake,32,2020,drake,toosie slide 
Break My Heart,Dua Lipa,33,2020,dua lipa,break my heart
Chasin' You,Morgan Wallen,34,2020,morgan wallen,chasin you
Savage Love (Laxed - Siren Beat), Jawsh 685 x Jason Derulo,35,2020,jawsh 685 x jason derulo,savage love laxed - siren beat
No Guidance,Chris Brown Featuring Drake,36,2020,chris brown,no guidance
My Oh My,Camila Cabello Featuring DaBaby,37,2020,camila cabello,my oh my
Dynamite,BTS,38,2020,bts,dynamite
Go Crazy,Chris Brown & Young Thug,39,2020,chris brown,go crazy
High Fashion,Roddy Ricch Featuring Mustard,40,2020,roddy ricch,high fashion
Laugh Now Cry Later,Drake Featuring Lil Durk,41,2020,drake,laugh now cry later
Woah,Lil Baby,42,2020,lil baby,woah
Death Bed,Powfu Featuring beabadoobee,43,2020,powfu,death bed
Senorita,Shawn Mendes & Camila Cabello,44,2020,shawn mendes,senorita
HIGHEST IN THE ROOM,Travis Scott,45,2020,travis scott,highest in the room
Bad Guy,Billie Eilish,46,2020,billie eilish,bad guy
Mood,24kGoldn Featuring iann dior,47,2020,24kgoldn,mood
Rain On Me,Lady Gaga & Ariana Grande,48,2020,lady gaga,rain on me
For The Night,Pop Smoke Featuring Lil Baby & DaBaby,49,2020,pop smoke,for the night
RITMO (Bad Boys For Life),Black Eyed Peas X J Balvin,50,2020,black eyed peas x j balvin,ritmo bad boys for life
Heart On Ice,Rod Wave,51,2020,rod wave,heart on ice
Nobody But You,Blake Shelton Duet With Gwen Stefani,52,2020,blake shelton duet,nobody but you
Trampoline,SHAED,53,2020,shaed,trampoline
Come & Go,Juice WRLD x Marshmello,54,2020,juice wrld x marshmello,come and go
Truth Hurts,Lizzo,55,2020,lizzo,truth hurts
If The World Was Ending,JP Saxe Featuring Julia Michaels,56,2020,jp saxe,if the world was ending
We Paid,Lil Baby & 42 Dugg,57,2020,lil baby,we paid
Yummy,Justin Bieber,58,2020,justin bieber,yummy
One Man Band,Old Dominion,59,2020,old dominion,one man band
Got What I Got,Jason Aldean,60,2020,jason aldean,got what i got
Sunday Best,Surfaces,61,2020,surfaces,sunday best
Godzilla,Eminem Featuring Juice WRLD,62,2020,eminem,godzilla
Bandit,Juice WRLD & YoungBoy Never Broke Again,63,2020,juice wrld,bandit
Party Girl,StaySolidRocky,64,2020,staysolidrocky,party girl
Die From A Broken Heart,Maddie & Tae,65,2020,maddie,die from a broken heart
Popstar,DJ Khaled Featuring Drake,66,2020,dj khaled,popstar
All I Want For Christmas Is You,Mariah Carey,67,2020,mariah carey,all i want for christmas is you
One Of Them Girls,Lee Brice,68,2020,lee brice,one of them girls
Hard To Forget,Sam Hunt,69,2020,sam hunt,hard to forget
One Margarita,Luke Bryan,70,2020,luke bryan,one margarita
Panini,Lil Nas X,71,2020,lil nas x,panini
Hot,Young Thug Featuring Gunna,72,2020,young thug,hot
I Hope You're Happy Now,Carly Pearce & Lee Brice,73,2020,carly pearce,i hope youre happy now
Emotionally Scarred,Lil Baby,74,2020,lil baby,emotionally scarred
Suicidal, YNW Melly & Juice WRLD,75,2020,ynw melly,suicidal
The Bigger Picture,Lil Baby,76,2020,lil baby,the bigger picture
Only Human,Jonas Brothers,77,2020,jonas brothers,only human
The Woo,Pop Smoke Featuring 50 Cent & Roddy Ricch,78,2020,pop smoke,the woo
Sum 2 Prove,Lil Baby,79,2020,lil baby,sum 2 prove
Stuck With U,Ariana Grande & Justin Bieber,80,2020,ariana grande,stuck with u
Mood Swings,Pop Smoke Featuring Lil Tjay,81,2020,pop smoke,mood swings
You Should Be Sad,Halsey,82,2020,halsey,you should be sad
Dior,Pop Smoke,83,2020,pop smoke,dior
Supalonely,BENEE Featuring Gus Dapperton,84,2020,benee,supalonely
Even Though I'm Leaving,Luke Combs,85,2020,luke combs,even though im leaving
The Scotts,"THE SCOTTS, Travis Scott & Kid Cudi",86,2020,"the scotts, travis scott",the scotts
Juicy,Doja Cat & Tyga,87,2020,doja cat,juicy
Be Like That,Kane Brown With Swae Lee & Khalid,88,2020,kane brown,be like that
Homesick,Kane Brown,89,2020,kane brown,homesick
Rags2Riches,Rod Wave Featuring ATR Son Son,90,2020,rod wave,rags2riches
Bluebird,Miranda Lambert,91,2020,miranda lambert,bluebird
Wishing Well,Juice WRLD,92,2020,juice wrld,wishing well
Does To Me,Luke Combs Featuring Eric Church,93,2020,luke combs,does to me
P*$$y Fairy (OTW),Jhene Aiko,94,2020,jhene aiko,p*$$y fairy otw
ily,Surf Mesa Featuring Emilee,95,2020,surf mesa,ily
More Than My Hometown,Morgan Wallen,96,2020,morgan wallen,more than my hometown
Lovin' On You,Luke Combs,97,2020,luke combs,lovin on you
Said Sum, Moneybagg Yo,98,2020,moneybagg yo,said sum
Slide,H.E.R. Featuring YG,99,2020,her,slide
Walk Em Down,NLE Choppa Featuring Roddy Ricch,100,2020,nle choppa,walk em down
